股票代码,股票名称,买入信号,评分,图表路径
002215,诺 普 信,"过去一个月呈上升趋势: 强势上涨10.01%; MA金叉形成; MACD金叉形成，柱状图为正 (0.038); 放量上涨: 量比2.61, 涨幅5.15%; 突破20日前高",85,results/002215_诺 普 信_analysis.png
300723,一品红,"过去一个月呈上升趋势: 强势上涨58.12%; MA金叉形成; MACD金叉形成，柱状图为正 (0.810); 放量上涨: 量比1.77, 涨幅19.99%; 突破20日前高",85,results/300723_一品红_analysis.png
300967,晓鸣股份,"过去一个月呈上升趋势: 强势上涨15.57%; MA金叉形成; MACD金叉形成，柱状图为正 (0.316); 放量上涨: 量比1.81, 涨幅7.81%; 突破20日前高",85,results/300967_晓鸣股份_analysis.png
920489,佳先股份,"过去一个月呈上升趋势: 强势上涨11.95%; MA金叉形成; MACD金叉形成，柱状图为正 (0.109); KDJ低位金叉; 放量上涨: 量比1.82, 涨幅3.56%",85,results/920489_佳先股份_analysis.png
000059,华锦股份,"过去一个月呈上升趋势: 强势上涨11.31%; MACD金叉形成，柱状图为正 (0.015); KDJ金叉; 放量上涨: 量比2.58, 涨幅5.85%; 突破20日前高",75,results/000059_华锦股份_analysis.png
000670,盈方微,"过去一个月呈上升趋势: 强势上涨21.15%; MACD金叉形成，柱状图为正 (0.044); KDJ金叉; 放量上涨: 量比3.06, 涨幅10.04%; 突破20日前高",75,results/000670_盈方微_analysis.png
300220,金运激光,"过去一个月呈上升趋势: 强势上涨15.52%; MACD金叉形成，柱状图为正 (0.148); KDJ金叉; 放量上涨: 量比4.99, 涨幅9.01%; 突破20日前高",75,results/300220_金运激光_analysis.png
300703,创源股份,"过去一个月呈上升趋势: 强势上涨37.73%; MACD金叉形成，柱状图为正 (0.323); KDJ金叉; 放量上涨: 量比2.55, 涨幅20.00%; 突破20日前高",75,results/300703_创源股份_analysis.png
301011,华立科技,"过去一个月呈上升趋势: 强势上涨12.48%; MA金叉形成; KDJ金叉; 放量上涨: 量比7.88, 涨幅15.04%; 突破20日前高",75,results/301011_华立科技_analysis.png
300765,新诺威,"过去一个月呈上升趋势: 强势上涨18.86%; MA金叉形成; MACD金叉形成，柱状图为正 (0.672); 放量上涨: 量比2.33, 涨幅10.33%",70,results/300765_新诺威_analysis.png
002727,一心堂,"过去一个月呈上升趋势: 强势上涨19.13%; MACD金叉形成，柱状图为正 (0.181); 放量上涨: 量比6.08, 涨幅9.99%; 突破20日前高",65,results/002727_一心堂_analysis.png
002840,华统股份,"RSI值为44.34，处于低位回升阶段; MACD金叉形成，柱状图为正 (0.014); KDJ低位金叉; 放量上涨: 量比2.01, 涨幅1.99%",65,results/002840_华统股份_analysis.png
300065,海兰信,"过去一个月呈上升趋势: 强势上涨18.69%; MACD金叉形成，柱状图为正 (0.081); KDJ低位金叉; 放量上涨: 量比1.95, 涨幅7.59%",65,results/300065_海兰信_analysis.png
300558,贝达药业,"RSI值为41.26，处于低位回升阶段; MACD金叉形成，柱状图为正 (0.010); KDJ低位金叉; 放量上涨: 量比1.92, 涨幅2.11%",65,results/300558_贝达药业_analysis.png
603163,圣晖集成,"过去一个月呈上升趋势: 强势上涨25.43%; MACD金叉形成，柱状图为正 (0.364); 放量上涨: 量比3.60, 涨幅10.00%; 突破20日前高",65,results/603163_圣晖集成_analysis.png
688331,荣昌生物,"过去一个月呈上升趋势: 强势上涨28.71%; MACD金叉形成，柱状图为正 (0.628); 放量上涨: 量比1.90, 涨幅16.09%; 突破20日前高",65,results/688331_荣昌生物_analysis.png
831726,朱老六,过去一个月呈上升趋势: 强势上涨13.46%; MA金叉形成; MACD金叉形成，柱状图为正 (0.013); KDJ金叉,65,results/831726_朱老六_analysis.png
834058,华洋赛车,"过去一个月呈上升趋势: 强势上涨28.11%; MACD金叉形成，柱状图为正 (0.161); KDJ低位金叉; 放量上涨: 量比2.44, 涨幅5.52%",65,results/834058_华洋赛车_analysis.png
836699,海达尔,"过去一个月呈上升趋势: 强势上涨12.06%; RSI值为46.87，处于低位回升阶段; MACD金叉形成，柱状图为正 (0.224); 放量上涨: 量比1.60, 涨幅2.92%",65,results/836699_海达尔_analysis.png
000908,*ST景峰,"过去一个月呈上升趋势: 强势上涨18.08%; RSI值为34.43，处于低位回升阶段; KDJ低位金叉; 放量上涨: 量比1.65, 涨幅5.01%",60,results/000908_*ST景峰_analysis.png
002161,远 望 谷,"MA金叉形成; KDJ金叉; 放量上涨: 量比4.22, 涨幅9.94%; 突破20日前高",60,results/002161_远 望 谷_analysis.png
002294,信立泰,"过去一个月呈上升趋势: 强势上涨27.52%; MA金叉形成; KDJ金叉; 放量上涨: 量比2.43, 涨幅7.99%",60,results/002294_信立泰_analysis.png
002352,顺丰控股,"MACD金叉形成，柱状图为正 (0.245); KDJ金叉; 放量上涨: 量比4.18, 涨幅6.63%; 突破20日前高",60,results/002352_顺丰控股_analysis.png
002536,飞龙股份,"过去一个月呈上升趋势: 强势上涨10.52%; MACD金叉形成，柱状图为正 (0.021); KDJ金叉; 放量上涨: 量比1.70, 涨幅3.34%",60,results/002536_飞龙股份_analysis.png
300302,同有科技,"MA金叉形成; KDJ金叉; 放量上涨: 量比2.79, 涨幅5.27%; 突破20日前高",60,results/300302_同有科技_analysis.png
300822,贝仕达克,"过去一个月呈上升趋势: 强势上涨10.99%; MACD金叉形成，柱状图为正 (0.061); KDJ金叉; 放量上涨: 量比2.37, 涨幅4.49%",60,results/300822_贝仕达克_analysis.png
301479,弘景光电,"过去一个月呈上升趋势: 强势上涨17.34%; MACD金叉形成，柱状图为正 (1.002); KDJ金叉; 放量上涨: 量比1.84, 涨幅8.02%",60,results/301479_弘景光电_analysis.png
600280,中央商场,"RSI值为43.24，处于低位回升阶段; MACD金叉形成，柱状图为正 (0.006); KDJ金叉; 放量上涨: 量比1.80, 涨幅1.71%",60,results/600280_中央商场_analysis.png
600521,华海药业,"MA金叉形成; KDJ金叉; 放量上涨: 量比2.55, 涨幅10.00%; 突破20日前高",60,results/600521_华海药业_analysis.png
600793,宜宾纸业,过去一个月呈上升趋势: 强势上涨69.33%; MACD金叉形成，柱状图为正 (0.089); KDJ金叉; 突破20日前高,60,results/600793_宜宾纸业_analysis.png
832110,雷特科技,"过去一个月呈上升趋势: 强势上涨11.17%; MACD金叉形成，柱状图为正 (0.084); KDJ金叉; 放量上涨: 量比1.66, 涨幅3.40%",60,results/832110_雷特科技_analysis.png
837046,亿能电力,"RSI值为46.54，处于低位回升阶段; MACD金叉形成，柱状图为正 (0.044); KDJ金叉; 放量上涨: 量比1.64, 涨幅4.92%",60,results/837046_亿能电力_analysis.png
001259,利仁科技,"过去一个月呈上升趋势: 强势上涨11.73%; KDJ金叉; 放量上涨: 量比2.27, 涨幅3.93%; 突破20日前高",55,results/001259_利仁科技_analysis.png
001336,楚环科技,"过去一个月呈上升趋势: 强势上涨15.05%; KDJ金叉; 放量上涨: 量比3.72, 涨幅10.00%; 突破20日前高",55,results/001336_楚环科技_analysis.png
002103,广博股份,"过去一个月呈上升趋势: 强势上涨10.15%; KDJ金叉; 放量上涨: 量比1.71, 涨幅10.03%; 突破20日前高",55,results/002103_广博股份_analysis.png
002123,梦网科技,"过去一个月呈上升趋势: 强势上涨11.42%; KDJ金叉; 放量上涨: 量比3.00, 涨幅10.03%; 突破20日前高",55,results/002123_梦网科技_analysis.png
002348,高乐股份,"过去一个月呈上升趋势: 强势上涨18.21%; KDJ金叉; 放量上涨: 量比3.80, 涨幅9.43%; 突破20日前高",55,results/002348_高乐股份_analysis.png
002582,好想你,过去一个月呈上升趋势: 强势上涨17.33%; MA金叉形成; MACD金叉形成，柱状图为正 (0.007),55,results/002582_好想你_analysis.png
002780,三夫户外,"过去一个月呈上升趋势: 强势上涨16.98%; KDJ金叉; 放量上涨: 量比2.44, 涨幅3.75%; 突破20日前高",55,results/002780_三夫户外_analysis.png
002820,桂发祥,"MA金叉形成; MACD金叉形成，柱状图为正 (0.055); 放量上涨: 量比1.81, 涨幅2.22%",55,results/002820_桂发祥_analysis.png
002858,力盛体育,"过去一个月呈上升趋势: 强势上涨12.65%; KDJ金叉; 放量上涨: 量比2.25, 涨幅4.00%; 突破20日前高",55,results/002858_力盛体育_analysis.png
002891,中宠股份,"过去一个月呈上升趋势: 强势上涨68.48%; KDJ金叉; 放量上涨: 量比1.55, 涨幅5.97%; 突破20日前高",55,results/002891_中宠股份_analysis.png
003026,中晶科技,"过去一个月呈上升趋势: 强势上涨10.24%; KDJ金叉; 放量上涨: 量比1.53, 涨幅1.70%; 突破20日前高",55,results/003026_中晶科技_analysis.png
300329,海伦钢琴,"过去一个月呈上升趋势: 强势上涨23.21%; KDJ金叉; 放量上涨: 量比1.51, 涨幅4.26%; 突破20日前高",55,results/300329_海伦钢琴_analysis.png
300341,麦克奥迪,"过去一个月呈上升趋势: 强势上涨13.02%; KDJ金叉; 放量上涨: 量比4.33, 涨幅8.55%; 突破20日前高",55,results/300341_麦克奥迪_analysis.png
300656,民德电子,"过去一个月呈上升趋势: 强势上涨14.42%; KDJ金叉; 放量上涨: 量比3.37, 涨幅4.54%; 突破20日前高",55,results/300656_民德电子_analysis.png
300672,国科微,"过去一个月呈上升趋势: 强势上涨18.09%; KDJ金叉; 放量上涨: 量比4.08, 涨幅12.54%; 突破20日前高",55,results/300672_国科微_analysis.png
300839,博汇股份,"过去一个月呈上升趋势: 强势上涨23.25%; KDJ金叉; 放量上涨: 量比2.99, 涨幅7.97%; 突破20日前高",55,results/300839_博汇股份_analysis.png
300970,华绿生物,"过去一个月呈上升趋势: 强势上涨19.71%; KDJ金叉; 放量上涨: 量比1.87, 涨幅6.29%; 突破20日前高",55,results/300970_华绿生物_analysis.png
300983,尤安设计,"过去一个月呈上升趋势: 强势上涨10.21%; KDJ金叉; 放量上涨: 量比1.83, 涨幅2.93%; 突破20日前高",55,results/300983_尤安设计_analysis.png
301229,纽泰格,"过去一个月呈上升趋势: 强势上涨14.59%; KDJ金叉; 放量上涨: 量比2.37, 涨幅7.63%; 突破20日前高",55,results/301229_纽泰格_analysis.png
301320,豪江智能,"过去一个月呈上升趋势: 强势上涨16.62%; KDJ金叉; 放量上涨: 量比1.98, 涨幅4.74%; 突破20日前高",55,results/301320_豪江智能_analysis.png
301511,德福科技,"过去一个月呈上升趋势: 强势上涨17.77%; KDJ金叉; 放量上涨: 量比2.54, 涨幅5.78%; 突破20日前高",55,results/301511_德福科技_analysis.png
301528,多浦乐,"过去一个月呈上升趋势: 强势上涨11.08%; KDJ金叉; 放量上涨: 量比2.71, 涨幅3.99%; 突破20日前高",55,results/301528_多浦乐_analysis.png
301606,绿联科技,"过去一个月呈上升趋势: 强势上涨14.33%; KDJ金叉; 放量上涨: 量比2.64, 涨幅5.89%; 突破20日前高",55,results/301606_绿联科技_analysis.png
600148,长春一东,"过去一个月呈上升趋势: 强势上涨24.54%; KDJ金叉; 放量上涨: 量比2.19, 涨幅10.00%; 突破20日前高",55,results/600148_长春一东_analysis.png
600178,东安动力,"过去一个月呈上升趋势: 强势上涨11.94%; KDJ金叉; 放量上涨: 量比2.77, 涨幅4.59%; 突破20日前高",55,results/600178_东安动力_analysis.png
600198,大唐电信,"过去一个月呈上升趋势: 强势上涨10.94%; KDJ金叉; 放量上涨: 量比4.25, 涨幅10.01%; 突破20日前高",55,results/600198_大唐电信_analysis.png
600259,广晟有色,"过去一个月呈上升趋势: 强势上涨28.88%; KDJ金叉; 放量上涨: 量比1.59, 涨幅10.00%; 突破20日前高",55,results/600259_广晟有色_analysis.png
600476,湘邮科技,"过去一个月呈上升趋势: 强势上涨11.19%; KDJ金叉; 放量上涨: 量比2.40, 涨幅3.41%; 突破20日前高",55,results/600476_湘邮科技_analysis.png
600543,莫高股份,"过去一个月呈上升趋势: 强势上涨16.81%; KDJ金叉; 放量上涨: 量比1.95, 涨幅2.96%; 突破20日前高",55,results/600543_莫高股份_analysis.png
603036,如通股份,"过去一个月呈上升趋势: 强势上涨10.62%; KDJ金叉; 放量上涨: 量比1.96, 涨幅3.64%; 突破20日前高",55,results/603036_如通股份_analysis.png
603708,家家悦,MA金叉形成; RSI值为46.56，处于低位回升阶段; MACD金叉形成，柱状图为正 (0.019),55,results/603708_家家悦_analysis.png
603901,永创智能,"过去一个月呈上升趋势: 强势上涨21.52%; KDJ金叉; 放量上涨: 量比2.21, 涨幅10.03%; 突破20日前高",55,results/603901_永创智能_analysis.png
605259,绿田机械,"过去一个月呈上升趋势: 强势上涨17.36%; KDJ金叉; 放量上涨: 量比1.73, 涨幅4.65%; 突破20日前高",55,results/605259_绿田机械_analysis.png
605599,菜百股份,"过去一个月呈上升趋势: 强势上涨22.21%; KDJ金叉; 放量上涨: 量比3.17, 涨幅6.25%; 突破20日前高",55,results/605599_菜百股份_analysis.png
688192,迪哲医药,过去一个月呈上升趋势: 强势上涨10.57%; MA金叉形成; MACD金叉形成，柱状图为正 (0.057),55,results/688192_迪哲医药_analysis.png
688217,睿昂基因,"过去一个月呈上升趋势: 强势上涨11.55%; KDJ金叉; 放量上涨: 量比2.49, 涨幅5.46%; 突破20日前高",55,results/688217_睿昂基因_analysis.png
688236,春立医疗,"过去一个月呈上升趋势: 强势上涨15.85%; KDJ金叉; 放量上涨: 量比4.90, 涨幅10.01%; 突破20日前高",55,results/688236_春立医疗_analysis.png
688335,复洁环保,"过去一个月呈上升趋势: 强势上涨25.60%; KDJ金叉; 放量上涨: 量比2.70, 涨幅5.30%; 突破20日前高",55,results/688335_复洁环保_analysis.png
688526,科前生物,"过去一个月呈上升趋势: 强势上涨14.16%; KDJ金叉; 放量上涨: 量比1.83, 涨幅6.24%; 突破20日前高",55,results/688526_科前生物_analysis.png
830964,润农节水,"过去一个月呈上升趋势: 强势上涨34.23%; KDJ金叉; 放量上涨: 量比2.70, 涨幅12.36%; 突破20日前高",55,results/830964_润农节水_analysis.png
831396,许昌智能,"过去一个月呈上升趋势: 强势上涨15.17%; KDJ金叉; 放量上涨: 量比4.97, 涨幅12.68%; 突破20日前高",55,results/831396_许昌智能_analysis.png
832225,利通科技,"过去一个月呈上升趋势: 强势上涨30.16%; KDJ金叉; 放量上涨: 量比3.49, 涨幅9.97%; 突破20日前高",55,results/832225_利通科技_analysis.png
834062,科润智控,"过去一个月呈上升趋势: 强势上涨23.20%; KDJ金叉; 放量上涨: 量比1.65, 涨幅5.09%; 突破20日前高",55,results/834062_科润智控_analysis.png
837174,宏裕包材,"过去一个月呈上升趋势: 强势上涨34.13%; KDJ金叉; 放量上涨: 量比2.01, 涨幅8.56%; 突破20日前高",55,results/837174_宏裕包材_analysis.png
872931,无锡鼎邦,"过去一个月呈上升趋势: 强势上涨21.81%; KDJ金叉; 放量上涨: 量比1.80, 涨幅4.69%; 突破20日前高",55,results/872931_无锡鼎邦_analysis.png
920099,瑞华技术,过去一个月呈上升趋势: 强势上涨10.48%; MA金叉形成; MACD金叉形成，柱状图为正 (0.145),55,results/920099_瑞华技术_analysis.png
000620,新华联,"RSI值为41.51，处于低位回升阶段; MACD金叉形成，柱状图为正 (0.001); 放量上涨: 量比1.59, 涨幅0.57%",50,results/000620_新华联_analysis.png
000721,西安饮食,"RSI值为47.46，处于低位回升阶段; MACD金叉形成，柱状图为正 (0.017); 放量上涨: 量比2.12, 涨幅2.00%",50,results/000721_西安饮食_analysis.png
000973,佛塑科技,"RSI值为39.87，处于低位回升阶段; MACD金叉形成，柱状图为正 (0.004); 放量上涨: 量比1.65, 涨幅0.78%",50,results/000973_佛塑科技_analysis.png
002077,大港股份,"MACD金叉形成，柱状图为正 (0.001); KDJ低位金叉; 放量上涨: 量比2.39, 涨幅2.07%",50,results/002077_大港股份_analysis.png
002277,友阿股份,过去一个月呈上升趋势: 强势上涨19.54%; MA金叉形成; 突破20日前高,50,results/002277_友阿股份_analysis.png
002424,ST百灵,"MA金叉形成; KDJ低位金叉; 放量上涨: 量比2.08, 涨幅2.01%",50,results/002424_ST百灵_analysis.png
002557,洽洽食品,"RSI值为45.34，处于低位回升阶段; MACD金叉形成，柱状图为正 (0.099); 放量上涨: 量比2.31, 涨幅1.50%",50,results/002557_洽洽食品_analysis.png
002605,姚记科技,"MACD金叉形成，柱状图为正 (0.150); KDJ低位金叉; 放量上涨: 量比4.72, 涨幅6.24%",50,results/002605_姚记科技_analysis.png
002755,奥赛康,"RSI值为49.89，处于低位回升阶段; MACD金叉形成，柱状图为正 (0.035); 放量上涨: 量比2.35, 涨幅3.75%",50,results/002755_奥赛康_analysis.png
002991,甘源食品,"RSI值为32.59，处于低位回升阶段; MACD金叉形成，柱状图为正 (0.065); 放量上涨: 量比2.25, 涨幅1.64%",50,results/002991_甘源食品_analysis.png
003030,祖名股份,"过去一个月呈上升趋势: 强势上涨15.90%; MA金叉形成; 放量上涨: 量比2.42, 涨幅9.99%",50,results/003030_祖名股份_analysis.png
300015,爱尔眼科,RSI值为47.90，处于低位回升阶段; MACD金叉形成，柱状图为正 (0.002); KDJ低位金叉,50,results/300015_爱尔眼科_analysis.png
300347,泰格医药,"MACD金叉形成，柱状图为正 (0.178); KDJ低位金叉; 放量上涨: 量比2.43, 涨幅6.76%",50,results/300347_泰格医药_analysis.png
300373,扬杰科技,"MACD金叉形成，柱状图为正 (0.197); 放量上涨: 量比1.71, 涨幅2.91%; 突破20日前高",50,results/300373_扬杰科技_analysis.png
300528,幸福蓝海,"过去一个月呈上升趋势: 强势上涨10.82%; MACD金叉形成，柱状图为正 (0.010); 放量上涨: 量比1.57, 涨幅1.54%",50,results/300528_幸福蓝海_analysis.png
300530,领湃科技,"过去一个月呈上升趋势: 强势上涨28.13%; MACD金叉形成，柱状图为正 (0.081); 放量上涨: 量比1.52, 涨幅6.10%",50,results/300530_领湃科技_analysis.png
300783,三只松鼠,"过去一个月呈上升趋势: 强势上涨11.88%; MACD金叉形成，柱状图为正 (0.309); 放量上涨: 量比2.77, 涨幅5.70%",50,results/300783_三只松鼠_analysis.png
300795,米奥会展,"MACD金叉形成，柱状图为正 (0.044); KDJ低位金叉; 放量上涨: 量比1.84, 涨幅3.09%",50,results/300795_米奥会展_analysis.png
300859,西域旅游,"RSI值为42.02，处于低位回升阶段; MACD金叉形成，柱状图为正 (0.169); 放量上涨: 量比1.52, 涨幅1.69%",50,results/300859_西域旅游_analysis.png
300880,迦南智能,RSI值为46.33，处于低位回升阶段; MACD金叉形成，柱状图为正 (0.041); KDJ低位金叉,50,results/300880_迦南智能_analysis.png
300915,海融科技,"RSI值为48.26，处于低位回升阶段; MACD金叉形成，柱状图为正 (0.210); 放量上涨: 量比2.18, 涨幅3.30%",50,results/300915_海融科技_analysis.png
301078,孩子王,"过去一个月呈上升趋势: 强势上涨14.01%; MACD金叉形成，柱状图为正 (0.084); 放量上涨: 量比2.37, 涨幅6.99%",50,results/301078_孩子王_analysis.png
600239,云南城投,RSI值为36.96，处于低位回升阶段; MACD金叉形成，柱状图为正 (0.002); KDJ低位金叉,50,results/600239_云南城投_analysis.png
600449,宁夏建材,"MA金叉形成; 放量上涨: 量比2.41, 涨幅3.41%; 突破20日前高",50,results/600449_宁夏建材_analysis.png
600520,三佳科技,"MACD金叉形成，柱状图为正 (0.152); KDJ低位金叉; 放量上涨: 量比2.54, 涨幅2.48%",50,results/600520_三佳科技_analysis.png
600629,华建集团,过去一个月呈上升趋势: 强势上涨11.99%; MA金叉形成; RSI值为47.39，处于低位回升阶段,50,results/600629_华建集团_analysis.png
603042,华脉科技,过去一个月呈上升趋势: 强势上涨11.12%; RSI值为42.75，处于低位回升阶段; MACD金叉形成，柱状图为正 (0.008),50,results/603042_华脉科技_analysis.png
603063,XD禾望电,"MACD金叉形成，柱状图为正 (0.168); KDJ低位金叉; 放量上涨: 量比1.94, 涨幅8.15%",50,results/603063_XD禾望电_analysis.png
603101,汇嘉时代,"过去一个月呈上升趋势: 强势上涨15.50%; MACD金叉形成，柱状图为正 (0.013); 放量上涨: 量比1.88, 涨幅0.50%",50,results/603101_汇嘉时代_analysis.png
603182,嘉华股份,"MACD金叉形成，柱状图为正 (0.037); 放量上涨: 量比2.65, 涨幅2.67%; 突破20日前高",50,results/603182_嘉华股份_analysis.png
603378,亚士创能,"MA金叉形成; 放量上涨: 量比6.35, 涨幅0.15%; 突破20日前高",50,results/603378_亚士创能_analysis.png
603559,*ST通脉,"过去一个月呈上升趋势: 强势上涨14.06%; MACD金叉形成，柱状图为正 (0.040); 放量上涨: 量比1.88, 涨幅4.70%",50,results/603559_*ST通脉_analysis.png
603719,良品铺子,"RSI值为49.02，处于低位回升阶段; MACD金叉形成，柱状图为正 (0.045); 放量上涨: 量比1.76, 涨幅2.55%",50,results/603719_良品铺子_analysis.png
605162,新中港,RSI值为39.37，处于低位回升阶段; MACD金叉形成，柱状图为正 (0.002); KDJ低位金叉,50,results/605162_新中港_analysis.png
605338,巴比食品,"过去一个月呈上升趋势: 强势上涨14.61%; MA金叉形成; 放量上涨: 量比3.25, 涨幅3.20%",50,results/605338_巴比食品_analysis.png
688180,君实生物,"MACD金叉形成，柱状图为正 (0.009); KDJ低位金叉; 放量上涨: 量比2.01, 涨幅3.57%",50,results/688180_君实生物_analysis.png
688336,三生国健,过去一个月呈上升趋势: 强势上涨43.90%; MA金叉形成; 突破20日前高,50,results/688336_三生国健_analysis.png
832023,田野股份,"RSI值为35.38，处于低位回升阶段; MACD金叉形成，柱状图为正 (0.019); 放量上涨: 量比1.88, 涨幅7.08%",50,results/832023_田野股份_analysis.png
835179,凯德石英,"过去一个月呈上升趋势: 强势上涨22.19%; MA金叉形成; 放量上涨: 量比1.54, 涨幅2.05%",50,results/835179_凯德石英_analysis.png
000017,深中华A,"RSI值为46.56，处于低位回升阶段; KDJ低位金叉; 放量上涨: 量比1.68, 涨幅2.15%",45,results/000017_深中华A_analysis.png
000421,南京公用,"过去一个月呈上升趋势: 强势上涨10.80%; 放量上涨: 量比3.27, 涨幅6.04%; 突破20日前高",45,results/000421_南京公用_analysis.png
000601,韶能股份,"RSI值为32.06，处于低位回升阶段; KDJ低位金叉; 放量上涨: 量比1.68, 涨幅6.10%",45,results/000601_韶能股份_analysis.png
000605,渤海股份,"过去一个月呈上升趋势: 强势上涨15.44%; 放量上涨: 量比6.46, 涨幅3.12%; 突破20日前高",45,results/000605_渤海股份_analysis.png
000612,焦作万方,"过去一个月呈上升趋势: 强势上涨10.54%; 放量上涨: 量比2.98, 涨幅3.28%; 突破20日前高",45,results/000612_焦作万方_analysis.png
000633,合金投资,"过去一个月呈上升趋势: 强势上涨27.49%; 放量上涨: 量比1.53, 涨幅5.09%; 突破20日前高",45,results/000633_合金投资_analysis.png
000668,*ST荣控,"过去一个月呈上升趋势: 强势上涨31.26%; 放量上涨: 量比1.53, 涨幅0.90%; 突破20日前高",45,results/000668_*ST荣控_analysis.png
000677,恒天海龙,"过去一个月呈上升趋势: 强势上涨44.00%; 放量上涨: 量比1.55, 涨幅10.07%; 突破20日前高",45,results/000677_恒天海龙_analysis.png
000753,漳州发展,"RSI值为41.80，处于低位回升阶段; KDJ低位金叉; 放量上涨: 量比1.69, 涨幅1.90%",45,results/000753_漳州发展_analysis.png
000785,居然智家,"MA金叉形成; KDJ金叉; 放量上涨: 量比1.61, 涨幅2.05%",45,results/000785_居然智家_analysis.png
001206,依依股份,"过去一个月呈上升趋势: 强势上涨21.38%; 放量上涨: 量比1.52, 涨幅10.02%; 突破20日前高",45,results/001206_依依股份_analysis.png
001215,千味央厨,"MA金叉形成; KDJ金叉; 放量上涨: 量比2.98, 涨幅3.21%",45,results/001215_千味央厨_analysis.png
001222,源飞宠物,"过去一个月呈上升趋势: 强势上涨37.86%; 放量上涨: 量比1.75, 涨幅9.98%; 突破20日前高",45,results/001222_源飞宠物_analysis.png
001277,速达股份,"过去一个月呈上升趋势: 强势上涨10.58%; 放量上涨: 量比1.85, 涨幅3.70%; 突破20日前高",45,results/001277_速达股份_analysis.png
002020,京新药业,"RSI值为40.58，处于低位回升阶段; KDJ低位金叉; 放量上涨: 量比1.70, 涨幅2.36%",45,results/002020_京新药业_analysis.png
002040,南 京 港,"过去一个月呈上升趋势: 强势上涨77.48%; 放量上涨: 量比2.90, 涨幅6.49%; 突破20日前高",45,results/002040_南 京 港_analysis.png
002046,国机精工,"过去一个月呈上升趋势: 强势上涨10.40%; 放量上涨: 量比3.32, 涨幅4.81%; 突破20日前高",45,results/002046_国机精工_analysis.png
002105,信隆健康,"过去一个月呈上升趋势: 强势上涨27.03%; 放量上涨: 量比1.98, 涨幅9.97%; 突破20日前高",45,results/002105_信隆健康_analysis.png
002127,南极电商,"过去一个月呈上升趋势: 强势上涨31.88%; 放量上涨: 量比2.00, 涨幅2.19%; 突破20日前高",45,results/002127_南极电商_analysis.png
002190,成飞集成,"过去一个月呈上升趋势: 强势上涨156.80%; 放量上涨: 量比2.96, 涨幅7.65%; 突破20日前高",45,results/002190_成飞集成_analysis.png
002208,合肥城建,"MA金叉形成; KDJ金叉; 放量上涨: 量比1.58, 涨幅1.80%",45,results/002208_合肥城建_analysis.png
002258,利尔化学,"过去一个月呈上升趋势: 强势上涨20.07%; RSI值为47.57，处于低位回升阶段; 放量上涨: 量比1.73, 涨幅1.23%",45,results/002258_利尔化学_analysis.png
002262,恩华药业,"RSI值为41.33，处于低位回升阶段; KDJ低位金叉; 放量上涨: 量比1.95, 涨幅1.11%",45,results/002262_恩华药业_analysis.png
002286,保龄宝,"过去一个月呈上升趋势: 强势上涨43.29%; 放量上涨: 量比2.13, 涨幅5.94%; 突破20日前高",45,results/002286_保龄宝_analysis.png
002480,新筑股份,"过去一个月呈上升趋势: 强势上涨12.36%; 放量上涨: 量比2.15, 涨幅3.52%; 突破20日前高",45,results/002480_新筑股份_analysis.png
002481,双塔食品,"RSI值为33.33，处于低位回升阶段; KDJ低位金叉; 放量上涨: 量比1.54, 涨幅1.72%",45,results/002481_双塔食品_analysis.png
002501,利源股份,"过去一个月呈上升趋势: 强势上涨12.21%; 放量上涨: 量比2.34, 涨幅10.14%; 突破20日前高",45,results/002501_利源股份_analysis.png
002539,云图控股,"过去一个月呈上升趋势: 强势上涨11.65%; 放量上涨: 量比1.86, 涨幅1.87%; 突破20日前高",45,results/002539_云图控股_analysis.png
002552,宝鼎科技,RSI值为43.09，处于低位回升阶段; MACD金叉形成，柱状图为正 (0.034); KDJ金叉,45,results/002552_宝鼎科技_analysis.png
002570,贝因美,"过去一个月呈上升趋势: 强势上涨33.88%; KDJ低位金叉; 放量上涨: 量比1.62, 涨幅10.07%",45,results/002570_贝因美_analysis.png
002590,万安科技,"过去一个月呈上升趋势: 强势上涨22.66%; 放量上涨: 量比11.81, 涨幅9.99%; 突破20日前高",45,results/002590_万安科技_analysis.png
002667,威领股份,"过去一个月呈上升趋势: 强势上涨18.91%; 放量上涨: 量比2.97, 涨幅8.92%; 突破20日前高",45,results/002667_威领股份_analysis.png
002685,华东重机,"过去一个月呈上升趋势: 强势上涨33.28%; 放量上涨: 量比1.86, 涨幅5.83%; 突破20日前高",45,results/002685_华东重机_analysis.png
002767,先锋电子,"过去一个月呈上升趋势: 强势上涨15.10%; 放量上涨: 量比3.62, 涨幅4.61%; 突破20日前高",45,results/002767_先锋电子_analysis.png
002789,*ST建艺,"过去一个月呈上升趋势: 强势上涨10.47%; 放量上涨: 量比2.40, 涨幅0.80%; 突破20日前高",45,results/002789_*ST建艺_analysis.png
002798,帝欧家居,"过去一个月呈上升趋势: 强势上涨28.42%; 放量上涨: 量比7.38, 涨幅0.61%; 突破20日前高",45,results/002798_帝欧家居_analysis.png
002803,吉宏股份,过去一个月呈上升趋势: 强势上涨15.84%; MACD金叉形成，柱状图为正 (0.024); KDJ金叉,45,results/002803_吉宏股份_analysis.png
002811,郑中设计,"过去一个月呈上升趋势: 强势上涨42.26%; 放量上涨: 量比1.59, 涨幅10.03%; 突破20日前高",45,results/002811_郑中设计_analysis.png
002816,*ST和科,"过去一个月呈上升趋势: 强势上涨54.50%; 放量上涨: 量比2.20, 涨幅4.98%; 突破20日前高",45,results/002816_*ST和科_analysis.png
002906,华阳集团,"过去一个月呈上升趋势: 强势上涨10.02%; 放量上涨: 量比2.64, 涨幅6.34%; 突破20日前高",45,results/002906_华阳集团_analysis.png
002946,新乳业,"过去一个月呈上升趋势: 强势上涨23.92%; 放量上涨: 量比1.55, 涨幅0.97%; 突破20日前高",45,results/002946_新乳业_analysis.png
002959,小熊电器,"过去一个月呈上升趋势: 强势上涨13.12%; 放量上涨: 量比1.53, 涨幅2.75%; 突破20日前高",45,results/002959_小熊电器_analysis.png
003000,劲仔食品,"过去一个月呈上升趋势: 强势上涨21.79%; 放量上涨: 量比3.32, 涨幅6.74%; 突破20日前高",45,results/003000_劲仔食品_analysis.png
300021,大禹节水,"过去一个月呈上升趋势: 强势上涨11.04%; KDJ低位金叉; 放量上涨: 量比1.68, 涨幅2.71%",45,results/300021_大禹节水_analysis.png
300061,旗天科技,"过去一个月呈上升趋势: 强势上涨13.65%; 放量上涨: 量比2.86, 涨幅8.02%; 突破20日前高",45,results/300061_旗天科技_analysis.png
300119,瑞普生物,"过去一个月呈上升趋势: 强势上涨41.28%; 放量上涨: 量比1.97, 涨幅8.41%; 突破20日前高",45,results/300119_瑞普生物_analysis.png
300144,宋城演艺,"RSI值为33.33，处于低位回升阶段; KDJ低位金叉; 放量上涨: 量比1.68, 涨幅1.75%",45,results/300144_宋城演艺_analysis.png
300167,*ST迪威,"过去一个月呈上升趋势: 强势上涨10.50%; 放量上涨: 量比2.10, 涨幅2.93%; 突破20日前高",45,results/300167_*ST迪威_analysis.png
300449,汉邦高科,"过去一个月呈上升趋势: 强势上涨17.59%; 放量上涨: 量比2.43, 涨幅4.10%; 突破20日前高",45,results/300449_汉邦高科_analysis.png
300466,赛摩智能,"过去一个月呈上升趋势: 强势上涨15.26%; KDJ低位金叉; 放量上涨: 量比2.68, 涨幅13.07%",45,results/300466_赛摩智能_analysis.png
300478,杭州高新,"过去一个月呈上升趋势: 强势上涨27.42%; 放量上涨: 量比1.73, 涨幅6.25%; 突破20日前高",45,results/300478_杭州高新_analysis.png
300489,光智科技,"过去一个月呈上升趋势: 强势上涨14.48%; 放量上涨: 量比9.12, 涨幅4.61%; 突破20日前高",45,results/300489_光智科技_analysis.png
300511,雪榕生物,"过去一个月呈上升趋势: 强势上涨46.70%; 放量上涨: 量比1.62, 涨幅20.07%; 突破20日前高",45,results/300511_雪榕生物_analysis.png
300542,新晨科技,"MACD金叉形成，柱状图为正 (0.147); KDJ金叉; 放量上涨: 量比2.54, 涨幅5.90%",45,results/300542_新晨科技_analysis.png
300572,安车检测,"过去一个月呈上升趋势: 强势上涨15.85%; 放量上涨: 量比2.51, 涨幅7.60%; 突破20日前高",45,results/300572_安车检测_analysis.png
300599,雄塑科技,"过去一个月呈上升趋势: 强势上涨25.65%; 放量上涨: 量比1.64, 涨幅2.85%; 突破20日前高",45,results/300599_雄塑科技_analysis.png
300631,久吾高科,"过去一个月呈上升趋势: 强势上涨19.33%; 放量上涨: 量比5.50, 涨幅5.25%; 突破20日前高",45,results/300631_久吾高科_analysis.png
300640,德艺文创,"过去一个月呈上升趋势: 强势上涨18.97%; 放量上涨: 量比3.88, 涨幅6.25%; 突破20日前高",45,results/300640_德艺文创_analysis.png
300651,金陵体育,"过去一个月呈上升趋势: 强势上涨12.93%; 放量上涨: 量比1.96, 涨幅4.25%; 突破20日前高",45,results/300651_金陵体育_analysis.png
300662,科锐国际,"RSI值为35.88，处于低位回升阶段; KDJ低位金叉; 放量上涨: 量比1.50, 涨幅4.76%",45,results/300662_科锐国际_analysis.png
300673,佩蒂股份,"过去一个月呈上升趋势: 强势上涨24.90%; 放量上涨: 量比2.28, 涨幅7.06%; 突破20日前高",45,results/300673_佩蒂股份_analysis.png
300746,汉嘉设计,"过去一个月呈上升趋势: 强势上涨28.93%; 放量上涨: 量比2.52, 涨幅6.92%; 突破20日前高",45,results/300746_汉嘉设计_analysis.png
300756,金马游乐,"过去一个月呈上升趋势: 强势上涨54.93%; 放量上涨: 量比1.98, 涨幅11.92%; 突破20日前高",45,results/300756_金马游乐_analysis.png
300841,康华生物,"MA金叉形成; KDJ金叉; 放量上涨: 量比2.95, 涨幅6.74%",45,results/300841_康华生物_analysis.png
300858,科拓生物,"过去一个月呈上升趋势: 强势上涨14.97%; RSI值为47.30，处于低位回升阶段; 放量上涨: 量比1.55, 涨幅2.67%",45,results/300858_科拓生物_analysis.png
300888,稳健医疗,"过去一个月呈上升趋势: 强势上涨20.78%; KDJ低位金叉; 放量上涨: 量比2.15, 涨幅3.65%",45,results/300888_稳健医疗_analysis.png
300945,曼卡龙,"过去一个月呈上升趋势: 强势上涨61.93%; 放量上涨: 量比1.68, 涨幅20.00%; 突破20日前高",45,results/300945_曼卡龙_analysis.png
300991,创益通,"过去一个月呈上升趋势: 强势上涨20.84%; 放量上涨: 量比1.82, 涨幅6.93%; 突破20日前高",45,results/300991_创益通_analysis.png
300997,欢乐家,"过去一个月呈上升趋势: 强势上涨13.42%; 放量上涨: 量比2.38, 涨幅5.29%; 突破20日前高",45,results/300997_欢乐家_analysis.png
301003,江苏博云,"过去一个月呈上升趋势: 强势上涨18.17%; 放量上涨: 量比2.32, 涨幅6.10%; 突破20日前高",45,results/301003_江苏博云_analysis.png
301009,可靠股份,"过去一个月呈上升趋势: 强势上涨35.80%; 放量上涨: 量比2.30, 涨幅12.14%; 突破20日前高",45,results/301009_可靠股份_analysis.png
301070,开勒股份,"过去一个月呈上升趋势: 强势上涨11.75%; 放量上涨: 量比2.94, 涨幅3.21%; 突破20日前高",45,results/301070_开勒股份_analysis.png
301125,腾亚精工,"过去一个月呈上升趋势: 强势上涨21.10%; 放量上涨: 量比2.86, 涨幅7.93%; 突破20日前高",45,results/301125_腾亚精工_analysis.png
301156,美农生物,"过去一个月呈上升趋势: 强势上涨33.10%; 放量上涨: 量比2.04, 涨幅13.81%; 突破20日前高",45,results/301156_美农生物_analysis.png
301260,格力博,"过去一个月呈上升趋势: 强势上涨59.25%; 放量上涨: 量比1.70, 涨幅7.79%; 突破20日前高",45,results/301260_格力博_analysis.png
301300,远翔新材,"过去一个月呈上升趋势: 强势上涨29.75%; 放量上涨: 量比2.00, 涨幅8.86%; 突破20日前高",45,results/301300_远翔新材_analysis.png
301335,天元宠物,"过去一个月呈上升趋势: 强势上涨92.64%; 放量上涨: 量比1.80, 涨幅20.01%; 突破20日前高",45,results/301335_天元宠物_analysis.png
301393,昊帆生物,"过去一个月呈上升趋势: 强势上涨12.39%; 放量上涨: 量比3.21, 涨幅7.74%; 突破20日前高",45,results/301393_昊帆生物_analysis.png
301459,丰茂股份,"过去一个月呈上升趋势: 强势上涨27.15%; 放量上涨: 量比2.75, 涨幅6.92%; 突破20日前高",45,results/301459_丰茂股份_analysis.png
301489,思泉新材,"过去一个月呈上升趋势: 强势上涨22.52%; 放量上涨: 量比1.51, 涨幅8.58%; 突破20日前高",45,results/301489_思泉新材_analysis.png
301498,乖宝宠物,"过去一个月呈上升趋势: 强势上涨22.18%; RSI值为47.72，处于低位回升阶段; 放量上涨: 量比2.37, 涨幅0.01%",45,results/301498_乖宝宠物_analysis.png
600053,九鼎投资,"过去一个月呈上升趋势: 强势上涨31.99%; 放量上涨: 量比2.50, 涨幅10.03%; 突破20日前高",45,results/600053_九鼎投资_analysis.png
600101,明星电力,"RSI值为32.98，处于低位回升阶段; KDJ低位金叉; 放量上涨: 量比1.70, 涨幅4.66%",45,results/600101_明星电力_analysis.png
600132,重庆啤酒,"MA金叉形成; KDJ金叉; 放量上涨: 量比1.52, 涨幅1.12%",45,results/600132_重庆啤酒_analysis.png
600138,中青旅,RSI值为27.85，股票可能超卖; MACD金叉形成，柱状图为正 (0.000); KDJ低位金叉,45,results/600138_中青旅_analysis.png
600149,廊坊发展,"过去一个月呈上升趋势: 强势上涨18.98%; 放量上涨: 量比2.80, 涨幅4.05%; 突破20日前高",45,results/600149_廊坊发展_analysis.png
600158,中体产业,"MACD金叉形成，柱状图为正 (0.016); KDJ金叉; 放量上涨: 量比1.58, 涨幅1.24%",45,results/600158_中体产业_analysis.png
600243,*ST海华,"过去一个月呈上升趋势: 强势上涨10.86%; 放量上涨: 量比1.50, 涨幅0.68%; 突破20日前高",45,results/600243_*ST海华_analysis.png
600281,华阳新材,"过去一个月呈上升趋势: 强势上涨63.89%; 放量上涨: 量比1.71, 涨幅6.12%; 突破20日前高",45,results/600281_华阳新材_analysis.png
600287,ST舜天,"过去一个月呈上升趋势: 强势上涨10.43%; 放量上涨: 量比1.97, 涨幅0.99%; 突破20日前高",45,results/600287_ST舜天_analysis.png
600336,澳柯玛,"过去一个月呈上升趋势: 强势上涨21.83%; 放量上涨: 量比6.45, 涨幅4.18%; 突破20日前高",45,results/600336_澳柯玛_analysis.png
600343,航天动力,"过去一个月呈上升趋势: 强势上涨22.86%; 放量上涨: 量比5.85, 涨幅5.36%; 突破20日前高",45,results/600343_航天动力_analysis.png
600463,空港股份,"过去一个月呈上升趋势: 强势上涨27.01%; 放量上涨: 量比4.38, 涨幅10.03%; 突破20日前高",45,results/600463_空港股份_analysis.png
600468,百利电气,"过去一个月呈上升趋势: 强势上涨26.35%; 放量上涨: 量比1.88, 涨幅9.93%; 突破20日前高",45,results/600468_百利电气_analysis.png
600547,山东黄金,过去一个月呈上升趋势: 强势上涨12.07%; RSI值为36.82，处于低位回升阶段; KDJ低位金叉,45,results/600547_山东黄金_analysis.png
600612,老凤祥,"RSI值为41.32，处于低位回升阶段; KDJ低位金叉; 放量上涨: 量比1.58, 涨幅1.57%",45,results/600612_老凤祥_analysis.png
600658,电子城,"过去一个月呈上升趋势: 强势上涨15.09%; 放量上涨: 量比5.81, 涨幅3.96%; 突破20日前高",45,results/600658_电子城_analysis.png
600679,上海凤凰,"过去一个月呈上升趋势: 强势上涨15.46%; 放量上涨: 量比3.18, 涨幅4.37%; 突破20日前高",45,results/600679_上海凤凰_analysis.png
600715,文投控股,过去一个月呈上升趋势: 强势上涨10.85%; RSI值为47.44，处于低位回升阶段; KDJ低位金叉,45,results/600715_文投控股_analysis.png
600743,华远地产,"过去一个月呈上升趋势: 强势上涨14.12%; 放量上涨: 量比4.52, 涨幅1.51%; 突破20日前高",45,results/600743_华远地产_analysis.png
600756,浪潮软件,"MA金叉形成; KDJ金叉; 放量上涨: 量比2.53, 涨幅3.17%",45,results/600756_浪潮软件_analysis.png
600807,济高发展,"过去一个月呈上升趋势: 强势上涨21.40%; 放量上涨: 量比1.68, 涨幅10.03%; 突破20日前高",45,results/600807_济高发展_analysis.png
600826,兰生股份,"RSI值为40.12，处于低位回升阶段; KDJ低位金叉; 放量上涨: 量比1.95, 涨幅2.80%",45,results/600826_兰生股份_analysis.png
600860,京城股份,"RSI值为47.33，处于低位回升阶段; KDJ低位金叉; 放量上涨: 量比3.12, 涨幅5.98%",45,results/600860_京城股份_analysis.png
600866,星湖科技,过去一个月呈上升趋势: 强势上涨13.55%; RSI值为48.21，处于低位回升阶段; KDJ低位金叉,45,results/600866_星湖科技_analysis.png
600881,亚泰集团,"过去一个月呈上升趋势: 强势上涨17.26%; 放量上涨: 量比2.73, 涨幅10.06%; 突破20日前高",45,results/600881_亚泰集团_analysis.png
600969,郴电国际,"过去一个月呈上升趋势: 强势上涨16.33%; RSI值为39.58，处于低位回升阶段; 放量上涨: 量比1.74, 涨幅3.10%",45,results/600969_郴电国际_analysis.png
600988,赤峰黄金,过去一个月呈上升趋势: 强势上涨18.17%; RSI值为41.91，处于低位回升阶段; KDJ低位金叉,45,results/600988_赤峰黄金_analysis.png
601579,会稽山,"过去一个月呈上升趋势: 强势上涨39.51%; 放量上涨: 量比2.32, 涨幅5.91%; 突破20日前高",45,results/601579_会稽山_analysis.png
603016,新宏泰,"过去一个月呈上升趋势: 强势上涨16.68%; 放量上涨: 量比3.51, 涨幅6.06%; 突破20日前高",45,results/603016_新宏泰_analysis.png
603029,天鹅股份,"过去一个月呈上升趋势: 强势上涨11.68%; 放量上涨: 量比1.67, 涨幅2.95%; 突破20日前高",45,results/603029_天鹅股份_analysis.png
603048,浙江黎明,"过去一个月呈上升趋势: 强势上涨13.28%; 放量上涨: 量比1.73, 涨幅4.36%; 突破20日前高",45,results/603048_浙江黎明_analysis.png
603076,乐惠国际,"过去一个月呈上升趋势: 强势上涨13.37%; 放量上涨: 量比3.84, 涨幅0.56%; 突破20日前高",45,results/603076_乐惠国际_analysis.png
603089,正裕工业,"过去一个月呈上升趋势: 强势上涨21.90%; 放量上涨: 量比1.69, 涨幅4.37%; 突破20日前高",45,results/603089_正裕工业_analysis.png
603090,宏盛股份,"过去一个月呈上升趋势: 强势上涨12.00%; KDJ低位金叉; 放量上涨: 量比2.35, 涨幅5.50%",45,results/603090_宏盛股份_analysis.png
603137,恒尚节能,"过去一个月呈上升趋势: 强势上涨15.10%; 放量上涨: 量比1.56, 涨幅2.01%; 突破20日前高",45,results/603137_恒尚节能_analysis.png
603153,上海建科,"MA金叉形成; KDJ金叉; 放量上涨: 量比2.02, 涨幅1.64%",45,results/603153_上海建科_analysis.png
603231,索宝蛋白,"过去一个月呈上升趋势: 强势上涨12.13%; 放量上涨: 量比1.89, 涨幅2.44%; 突破20日前高",45,results/603231_索宝蛋白_analysis.png
603306,华懋科技,"过去一个月呈上升趋势: 强势上涨17.66%; 放量上涨: 量比1.69, 涨幅2.76%; 突破20日前高",45,results/603306_华懋科技_analysis.png
603326,我乐家居,"过去一个月呈上升趋势: 强势上涨20.30%; 放量上涨: 量比1.89, 涨幅0.21%; 突破20日前高",45,results/603326_我乐家居_analysis.png
603389,*ST亚振,"过去一个月呈上升趋势: 强势上涨88.22%; 放量上涨: 量比3.55, 涨幅1.10%; 突破20日前高",45,results/603389_*ST亚振_analysis.png
603515,欧普照明,"过去一个月呈上升趋势: 强势上涨13.74%; 放量上涨: 量比2.58, 涨幅3.07%; 突破20日前高",45,results/603515_欧普照明_analysis.png
603566,普莱柯,"过去一个月呈上升趋势: 强势上涨15.24%; 放量上涨: 量比1.85, 涨幅4.22%; 突破20日前高",45,results/603566_普莱柯_analysis.png
603607,京华激光,"过去一个月呈上升趋势: 强势上涨23.88%; 放量上涨: 量比2.01, 涨幅10.00%; 突破20日前高",45,results/603607_京华激光_analysis.png
603609,禾丰股份,"过去一个月呈上升趋势: 强势上涨12.69%; 放量上涨: 量比1.91, 涨幅2.37%; 突破20日前高",45,results/603609_禾丰股份_analysis.png
603725,天安新材,"过去一个月呈上升趋势: 强势上涨13.65%; 放量上涨: 量比4.57, 涨幅10.01%; 突破20日前高",45,results/603725_天安新材_analysis.png
603877,太平鸟,"MACD金叉形成，柱状图为正 (0.014); KDJ金叉; 放量上涨: 量比1.80, 涨幅1.73%",45,results/603877_太平鸟_analysis.png
603899,XD晨光股,"RSI值为38.96，处于低位回升阶段; KDJ低位金叉; 放量上涨: 量比1.59, 涨幅3.27%",45,results/603899_XD晨光股_analysis.png
603937,丽岛新材,"过去一个月呈上升趋势: 强势上涨12.40%; 放量上涨: 量比2.43, 涨幅3.47%; 突破20日前高",45,results/603937_丽岛新材_analysis.png
603955,大千生态,"过去一个月呈上升趋势: 强势上涨95.10%; 放量上涨: 量比1.65, 涨幅7.15%; 突破20日前高",45,results/603955_大千生态_analysis.png
605009,豪悦护理,"过去一个月呈上升趋势: 强势上涨39.88%; 放量上涨: 量比2.12, 涨幅0.32%; 突破20日前高",45,results/605009_豪悦护理_analysis.png
605179,一鸣食品,"过去一个月呈上升趋势: 强势上涨12.79%; KDJ低位金叉; 放量上涨: 量比2.56, 涨幅3.17%",45,results/605179_一鸣食品_analysis.png
605289,罗曼股份,"过去一个月呈上升趋势: 强势上涨25.15%; 放量上涨: 量比3.12, 涨幅9.99%; 突破20日前高",45,results/605289_罗曼股份_analysis.png
688013,天臣医疗,"过去一个月呈上升趋势: 强势上涨20.36%; 放量上涨: 量比1.54, 涨幅3.10%; 突破20日前高",45,results/688013_天臣医疗_analysis.png
688045,必易微,"RSI值为40.95，处于低位回升阶段; KDJ低位金叉; 放量上涨: 量比1.54, 涨幅2.48%",45,results/688045_必易微_analysis.png
688089,嘉必优,"过去一个月呈上升趋势: 强势上涨13.35%; 放量上涨: 量比2.38, 涨幅6.50%; 突破20日前高",45,results/688089_嘉必优_analysis.png
688102,斯瑞新材,"过去一个月呈上升趋势: 强势上涨17.90%; KDJ低位金叉; 放量上涨: 量比1.60, 涨幅2.85%",45,results/688102_斯瑞新材_analysis.png
688135,利扬芯片,"过去一个月呈上升趋势: 强势上涨42.12%; 放量上涨: 量比5.24, 涨幅15.49%; 突破20日前高",45,results/688135_利扬芯片_analysis.png
688141,杰华特,过去一个月呈上升趋势: 强势上涨11.10%; RSI值为46.74，处于低位回升阶段; KDJ低位金叉,45,results/688141_杰华特_analysis.png
688162,巨一科技,"过去一个月呈上升趋势: 强势上涨14.77%; 放量上涨: 量比1.50, 涨幅2.25%; 突破20日前高",45,results/688162_巨一科技_analysis.png
688173,希荻微,"MACD金叉形成，柱状图为正 (0.052); KDJ金叉; 放量上涨: 量比2.41, 涨幅4.66%",45,results/688173_希荻微_analysis.png
688176,亚虹医药,"RSI值为37.04，处于低位回升阶段; KDJ低位金叉; 放量上涨: 量比2.07, 涨幅1.67%",45,results/688176_亚虹医药_analysis.png
688266,泽璟制药,"RSI值为42.92，处于低位回升阶段; KDJ低位金叉; 放量上涨: 量比2.90, 涨幅3.88%",45,results/688266_泽璟制药_analysis.png
688310,迈得医疗,"过去一个月呈上升趋势: 强势上涨11.50%; 放量上涨: 量比2.42, 涨幅5.91%; 突破20日前高",45,results/688310_迈得医疗_analysis.png
688395,正弦电气,"过去一个月呈上升趋势: 强势上涨29.00%; 放量上涨: 量比2.54, 涨幅11.52%; 突破20日前高",45,results/688395_正弦电气_analysis.png
688419,耐科装备,"过去一个月呈上升趋势: 强势上涨12.57%; 放量上涨: 量比1.76, 涨幅2.09%; 突破20日前高",45,results/688419_耐科装备_analysis.png
688557,兰剑智能,"过去一个月呈上升趋势: 强势上涨23.71%; 放量上涨: 量比2.09, 涨幅5.03%; 突破20日前高",45,results/688557_兰剑智能_analysis.png
688625,呈和科技,过去一个月呈上升趋势: 强势上涨13.94%; RSI值为38.85，处于低位回升阶段; KDJ低位金叉,45,results/688625_呈和科技_analysis.png
688652,京仪装备,"RSI值为46.72，处于低位回升阶段; KDJ低位金叉; 放量上涨: 量比1.93, 涨幅4.42%",45,results/688652_京仪装备_analysis.png
688677,海泰新光,"过去一个月呈上升趋势: 强势上涨10.82%; 放量上涨: 量比3.16, 涨幅6.67%; 突破20日前高",45,results/688677_海泰新光_analysis.png
430139,华岭股份,过去一个月呈上升趋势: 强势上涨10.34%; MACD金叉形成，柱状图为正 (0.022); KDJ金叉,45,results/430139_华岭股份_analysis.png
430476,海能技术,"过去一个月呈上升趋势: 强势上涨50.04%; 放量上涨: 量比1.87, 涨幅9.22%; 突破20日前高",45,results/430476_海能技术_analysis.png
831305,海希通讯,"过去一个月呈上升趋势: 强势上涨29.56%; 放量上涨: 量比3.58, 涨幅9.07%; 突破20日前高",45,results/831305_海希通讯_analysis.png
832089,禾昌聚合,"过去一个月呈上升趋势: 强势上涨27.69%; 放量上涨: 量比1.53, 涨幅5.95%; 突破20日前高",45,results/832089_禾昌聚合_analysis.png
832145,恒合股份,"过去一个月呈上升趋势: 强势上涨31.58%; 放量上涨: 量比4.41, 涨幅10.56%; 突破20日前高",45,results/832145_恒合股份_analysis.png
832419,路斯股份,"过去一个月呈上升趋势: 强势上涨81.81%; 放量上涨: 量比2.49, 涨幅18.10%; 突破20日前高",45,results/832419_路斯股份_analysis.png
832802,保丽洁,"过去一个月呈上升趋势: 强势上涨25.62%; 放量上涨: 量比2.91, 涨幅9.32%; 突破20日前高",45,results/832802_保丽洁_analysis.png
833075,柏星龙,"过去一个月呈上升趋势: 强势上涨25.68%; 放量上涨: 量比3.51, 涨幅12.61%; 突破20日前高",45,results/833075_柏星龙_analysis.png
833266,生物谷,"过去一个月呈上升趋势: 强势上涨15.88%; 放量上涨: 量比3.63, 涨幅7.61%; 突破20日前高",45,results/833266_生物谷_analysis.png
833394,民士达,"过去一个月呈上升趋势: 强势上涨55.15%; KDJ低位金叉; 放量上涨: 量比2.15, 涨幅9.16%",45,results/833394_民士达_analysis.png
834415,恒拓开源,"过去一个月呈上升趋势: 强势上涨16.84%; 放量上涨: 量比2.45, 涨幅5.14%; 突破20日前高",45,results/834415_恒拓开源_analysis.png
835174,五新隧装,"过去一个月呈上升趋势: 强势上涨87.32%; 放量上涨: 量比3.72, 涨幅30.00%; 突破20日前高",45,results/835174_五新隧装_analysis.png
836149,旭杰科技,"过去一个月呈上升趋势: 强势上涨55.22%; 放量上涨: 量比2.94, 涨幅19.66%; 突破20日前高",45,results/836149_旭杰科技_analysis.png
836263,中航泰达,"过去一个月呈上升趋势: 强势上涨25.85%; 放量上涨: 量比2.49, 涨幅4.03%; 突破20日前高",45,results/836263_中航泰达_analysis.png
836504,博迅生物,"过去一个月呈上升趋势: 强势上涨22.90%; 放量上涨: 量比2.05, 涨幅5.43%; 突破20日前高",45,results/836504_博迅生物_analysis.png
836717,瑞星股份,"过去一个月呈上升趋势: 强势上涨14.81%; 放量上涨: 量比1.72, 涨幅4.27%; 突破20日前高",45,results/836717_瑞星股份_analysis.png
836942,恒立钻具,"过去一个月呈上升趋势: 强势上涨26.94%; 放量上涨: 量比1.92, 涨幅4.76%; 突破20日前高",45,results/836942_恒立钻具_analysis.png
838275,驱动力,"过去一个月呈上升趋势: 强势上涨29.53%; 放量上涨: 量比1.84, 涨幅14.10%; 突破20日前高",45,results/838275_驱动力_analysis.png
839719,宁新新材,"过去一个月呈上升趋势: 强势上涨23.15%; 放量上涨: 量比2.10, 涨幅6.15%; 突破20日前高",45,results/839719_宁新新材_analysis.png
839792,东和新材,"过去一个月呈上升趋势: 强势上涨32.56%; 放量上涨: 量比2.99, 涨幅14.48%; 突破20日前高",45,results/839792_东和新材_analysis.png
871857,泓禧科技,"过去一个月呈上升趋势: 强势上涨25.01%; 放量上涨: 量比3.62, 涨幅8.82%; 突破20日前高",45,results/871857_泓禧科技_analysis.png
872392,佳合科技,"过去一个月呈上升趋势: 强势上涨71.06%; 放量上涨: 量比2.85, 涨幅30.00%; 突破20日前高",45,results/872392_佳合科技_analysis.png
873001,纬达光电,"过去一个月呈上升趋势: 强势上涨12.06%; 放量上涨: 量比2.20, 涨幅7.34%; 突破20日前高",45,results/873001_纬达光电_analysis.png
873690,捷众科技,"过去一个月呈上升趋势: 强势上涨12.54%; 放量上涨: 量比1.54, 涨幅3.44%; 突破20日前高",45,results/873690_捷众科技_analysis.png
920128,胜业电气,"过去一个月呈上升趋势: 强势上涨23.55%; 放量上涨: 量比3.47, 涨幅10.83%; 突破20日前高",45,results/920128_胜业电气_analysis.png
000019,深粮控股,MA金叉形成; MACD金叉形成，柱状图为正 (0.010),40,results/000019_深粮控股_analysis.png
000651,格力电器,"KDJ金叉; 放量上涨: 量比1.68, 涨幅2.82%; 突破20日前高",40,results/000651_格力电器_analysis.png
000700,模塑科技,"KDJ金叉; 放量上涨: 量比4.52, 涨幅7.32%; 突破20日前高",40,results/000700_模塑科技_analysis.png
000829,天音控股,"KDJ金叉; 放量上涨: 量比2.37, 涨幅3.36%; 突破20日前高",40,results/000829_天音控股_analysis.png
000903,云内动力,"过去一个月呈上升趋势: 强势上涨14.11%; KDJ金叉; 放量上涨: 量比2.53, 涨幅5.56%",40,results/000903_云内动力_analysis.png
001231,农心科技,过去一个月呈上升趋势: 强势上涨12.28%; KDJ金叉; 突破20日前高,40,results/001231_农心科技_analysis.png
002026,山东威达,"KDJ金叉; 放量上涨: 量比4.07, 涨幅5.97%; 突破20日前高",40,results/002026_山东威达_analysis.png
002043,兔 宝 宝,"RSI值为25.00，股票可能超卖; KDJ低位金叉; 放量上涨: 量比1.56, 涨幅0.39%",40,results/002043_兔 宝 宝_analysis.png
002052,*ST同洲,过去一个月呈上升趋势: 强势上涨51.66%; KDJ金叉; 突破20日前高,40,results/002052_*ST同洲_analysis.png
002072,凯瑞德,过去一个月呈上升趋势: 强势上涨16.31%; KDJ金叉; 突破20日前高,40,results/002072_凯瑞德_analysis.png
002134,天津普林,"KDJ金叉; 放量上涨: 量比1.68, 涨幅4.65%; 突破20日前高",40,results/002134_天津普林_analysis.png
002141,*ST贤丰,过去一个月呈上升趋势: 强势上涨90.59%; KDJ金叉; 突破20日前高,40,results/002141_*ST贤丰_analysis.png
002169,智光电气,"过去一个月呈上升趋势: 强势上涨11.80%; KDJ金叉; 放量上涨: 量比1.88, 涨幅1.07%",40,results/002169_智光电气_analysis.png
002175,东方智造,"KDJ金叉; 放量上涨: 量比3.68, 涨幅7.22%; 突破20日前高",40,results/002175_东方智造_analysis.png
002247,聚力文化,过去一个月呈上升趋势: 强势上涨10.20%; KDJ金叉; 突破20日前高,40,results/002247_聚力文化_analysis.png
002289,*ST宇顺,过去一个月呈上升趋势: 强势上涨175.90%; KDJ金叉; 突破20日前高,40,results/002289_*ST宇顺_analysis.png
002292,奥飞娱乐,"KDJ金叉; 放量上涨: 量比3.23, 涨幅10.02%; 突破20日前高",40,results/002292_奥飞娱乐_analysis.png
002301,齐心集团,"KDJ金叉; 放量上涨: 量比3.50, 涨幅4.08%; 突破20日前高",40,results/002301_齐心集团_analysis.png
002358,森源电气,"KDJ金叉; 放量上涨: 量比1.89, 涨幅1.49%; 突破20日前高",40,results/002358_森源电气_analysis.png
002387,维信诺,"KDJ金叉; 放量上涨: 量比2.24, 涨幅3.96%; 突破20日前高",40,results/002387_维信诺_analysis.png
002418,康盛股份,过去一个月呈上升趋势: 强势上涨11.46%; KDJ金叉; 突破20日前高,40,results/002418_康盛股份_analysis.png
002440,闰土股份,"过去一个月呈上升趋势: 强势上涨12.20%; KDJ金叉; 放量上涨: 量比1.51, 涨幅3.58%",40,results/002440_闰土股份_analysis.png
002513,蓝丰生化,过去一个月呈上升趋势: 强势上涨16.36%; KDJ金叉; 突破20日前高,40,results/002513_蓝丰生化_analysis.png
002522,浙江众成,"KDJ金叉; 放量上涨: 量比3.54, 涨幅10.00%; 突破20日前高",40,results/002522_浙江众成_analysis.png
002652,扬子新材,过去一个月呈上升趋势: 强势上涨12.18%; KDJ金叉; 突破20日前高,40,results/002652_扬子新材_analysis.png
002654,万润科技,"KDJ金叉; 放量上涨: 量比2.34, 涨幅10.03%; 突破20日前高",40,results/002654_万润科技_analysis.png
002706,良信股份,"KDJ金叉; 放量上涨: 量比1.66, 涨幅4.47%; 突破20日前高",40,results/002706_良信股份_analysis.png
002712,思美传媒,"KDJ金叉; 放量上涨: 量比2.17, 涨幅3.62%; 突破20日前高",40,results/002712_思美传媒_analysis.png
002778,中晟高科,"KDJ金叉; 放量上涨: 量比1.72, 涨幅2.07%; 突破20日前高",40,results/002778_中晟高科_analysis.png
002833,弘亚数控,"KDJ金叉; 放量上涨: 量比2.96, 涨幅4.93%; 突破20日前高",40,results/002833_弘亚数控_analysis.png
002852,道道全,过去一个月呈上升趋势: 强势上涨11.26%; KDJ金叉; 突破20日前高,40,results/002852_道道全_analysis.png
002862,实丰文化,"KDJ金叉; 放量上涨: 量比2.49, 涨幅10.00%; 突破20日前高",40,results/002862_实丰文化_analysis.png
002873,新天药业,"KDJ金叉; 放量上涨: 量比1.77, 涨幅1.97%; 突破20日前高",40,results/002873_新天药业_analysis.png
002882,金龙羽,"KDJ金叉; 放量上涨: 量比5.12, 涨幅10.01%; 突破20日前高",40,results/002882_金龙羽_analysis.png
300022,吉峰科技,"过去一个月呈上升趋势: 强势上涨19.64%; KDJ金叉; 放量上涨: 量比1.91, 涨幅4.81%",40,results/300022_吉峰科技_analysis.png
300043,星辉娱乐,"KDJ金叉; 放量上涨: 量比2.66, 涨幅4.37%; 突破20日前高",40,results/300043_星辉娱乐_analysis.png
300084,海默科技,"KDJ金叉; 放量上涨: 量比1.75, 涨幅4.41%; 突破20日前高",40,results/300084_海默科技_analysis.png
300135,宝利国际,"KDJ金叉; 放量上涨: 量比1.71, 涨幅1.79%; 突破20日前高",40,results/300135_宝利国际_analysis.png
300382,斯莱克,过去一个月呈上升趋势: 强势上涨33.50%; KDJ金叉; 突破20日前高,40,results/300382_斯莱克_analysis.png
300387,富邦科技,"KDJ金叉; 放量上涨: 量比1.75, 涨幅3.91%; 突破20日前高",40,results/300387_富邦科技_analysis.png
300420,五洋自控,过去一个月呈上升趋势: 强势上涨29.35%; KDJ金叉; 突破20日前高,40,results/300420_五洋自控_analysis.png
300459,汤姆猫,"KDJ金叉; 放量上涨: 量比3.17, 涨幅6.27%; 突破20日前高",40,results/300459_汤姆猫_analysis.png
300486,东杰智能,"KDJ金叉; 放量上涨: 量比3.14, 涨幅5.60%; 突破20日前高",40,results/300486_东杰智能_analysis.png
300536,*ST农尚,"过去一个月呈上升趋势: 强势上涨18.98%; KDJ金叉; 放量上涨: 量比1.94, 涨幅4.79%",40,results/300536_*ST农尚_analysis.png
300591,万里马,"过去一个月呈上升趋势: 强势上涨38.04%; KDJ金叉; 放量上涨: 量比1.86, 涨幅3.42%",40,results/300591_万里马_analysis.png
300635,中达安,"KDJ金叉; 放量上涨: 量比1.56, 涨幅3.52%; 突破20日前高",40,results/300635_中达安_analysis.png
300653,正海生物,"KDJ金叉; 放量上涨: 量比2.60, 涨幅2.10%; 突破20日前高",40,results/300653_正海生物_analysis.png
300665,飞鹿股份,过去一个月呈上升趋势: 强势上涨18.43%; KDJ金叉; 突破20日前高,40,results/300665_飞鹿股份_analysis.png
300750,宁德时代,"过去一个月呈上升趋势: 强势上涨10.26%; KDJ金叉; 放量上涨: 量比1.85, 涨幅1.15%",40,results/300750_宁德时代_analysis.png
300770,新媒股份,"KDJ金叉; 放量上涨: 量比1.56, 涨幅1.29%; 突破20日前高",40,results/300770_新媒股份_analysis.png
300774,倍杰特,"KDJ金叉; 放量上涨: 量比2.18, 涨幅1.86%; 突破20日前高",40,results/300774_倍杰特_analysis.png
300807,天迈科技,"过去一个月呈上升趋势: 强势上涨22.69%; KDJ金叉; 放量上涨: 量比3.05, 涨幅3.75%",40,results/300807_天迈科技_analysis.png
300893,松原安全,"KDJ金叉; 放量上涨: 量比2.24, 涨幅1.86%; 突破20日前高",40,results/300893_松原安全_analysis.png
300929,华骐环保,过去一个月呈上升趋势: 强势上涨17.14%; KDJ金叉; 突破20日前高,40,results/300929_华骐环保_analysis.png
300943,春晖智控,"KDJ金叉; 放量上涨: 量比2.86, 涨幅3.56%; 突破20日前高",40,results/300943_春晖智控_analysis.png
300972,万辰集团,"过去一个月呈上升趋势: 强势上涨60.89%; KDJ金叉; 放量上涨: 量比1.58, 涨幅5.70%",40,results/300972_万辰集团_analysis.png
300998,宁波方正,"过去一个月呈上升趋势: 强势上涨12.64%; KDJ金叉; 放量上涨: 量比1.97, 涨幅4.20%",40,results/300998_宁波方正_analysis.png
301006,迈拓股份,"KDJ金叉; 放量上涨: 量比1.55, 涨幅1.96%; 突破20日前高",40,results/301006_迈拓股份_analysis.png
301012,扬电科技,"KDJ金叉; 放量上涨: 量比1.82, 涨幅2.84%; 突破20日前高",40,results/301012_扬电科技_analysis.png
301028,东亚机械,过去一个月呈上升趋势: 强势上涨10.19%; KDJ金叉; 突破20日前高,40,results/301028_东亚机械_analysis.png
301086,鸿富瀚,"KDJ金叉; 放量上涨: 量比4.53, 涨幅7.65%; 突破20日前高",40,results/301086_鸿富瀚_analysis.png
301106,骏成科技,"KDJ金叉; 放量上涨: 量比1.71, 涨幅1.70%; 突破20日前高",40,results/301106_骏成科技_analysis.png
301115,联检科技,"KDJ金叉; 放量上涨: 量比1.67, 涨幅0.97%; 突破20日前高",40,results/301115_联检科技_analysis.png
301126,达嘉维康,"KDJ金叉; 放量上涨: 量比1.59, 涨幅2.70%; 突破20日前高",40,results/301126_达嘉维康_analysis.png
301133,金钟股份,"KDJ金叉; 放量上涨: 量比2.41, 涨幅3.54%; 突破20日前高",40,results/301133_金钟股份_analysis.png
301181,标榜股份,"KDJ金叉; 放量上涨: 量比2.62, 涨幅3.06%; 突破20日前高",40,results/301181_标榜股份_analysis.png
301217,铜冠铜箔,"KDJ金叉; 放量上涨: 量比1.75, 涨幅1.62%; 突破20日前高",40,results/301217_铜冠铜箔_analysis.png
301263,泰恩康,过去一个月呈上升趋势: 强势上涨21.26%; KDJ金叉; 突破20日前高,40,results/301263_泰恩康_analysis.png
301283,聚胶股份,"过去一个月呈上升趋势: 强势上涨36.06%; KDJ金叉; 放量上涨: 量比1.70, 涨幅8.24%",40,results/301283_聚胶股份_analysis.png
301303,真兰仪表,"KDJ金叉; 放量上涨: 量比1.99, 涨幅2.79%; 突破20日前高",40,results/301303_真兰仪表_analysis.png
301319,唯特偶,"KDJ金叉; 放量上涨: 量比2.07, 涨幅5.80%; 突破20日前高",40,results/301319_唯特偶_analysis.png
301362,民爆光电,"KDJ金叉; 放量上涨: 量比1.61, 涨幅1.78%; 突破20日前高",40,results/301362_民爆光电_analysis.png
301371,敷尔佳,"KDJ金叉; 放量上涨: 量比3.71, 涨幅10.77%; 突破20日前高",40,results/301371_敷尔佳_analysis.png
600006,东风股份,"KDJ金叉; 放量上涨: 量比6.68, 涨幅9.97%; 突破20日前高",40,results/600006_东风股份_analysis.png
600052,东望时代,"KDJ金叉; 放量上涨: 量比2.25, 涨幅2.58%; 突破20日前高",40,results/600052_东望时代_analysis.png
600133,东湖高新,"KDJ金叉; 放量上涨: 量比1.72, 涨幅2.43%; 突破20日前高",40,results/600133_东湖高新_analysis.png
600135,乐凯胶片,"过去一个月呈上升趋势: 强势上涨13.02%; KDJ金叉; 放量上涨: 量比3.07, 涨幅6.18%",40,results/600135_乐凯胶片_analysis.png
600505,西昌电力,过去一个月呈上升趋势: 强势上涨39.26%; RSI值为37.77，处于低位回升阶段; KDJ金叉,40,results/600505_西昌电力_analysis.png
600511,国药股份,"KDJ金叉; 放量上涨: 量比1.86, 涨幅1.67%; 突破20日前高",40,results/600511_国药股份_analysis.png
600674,川投能源,"KDJ金叉; 放量上涨: 量比1.57, 涨幅1.80%; 突破20日前高",40,results/600674_川投能源_analysis.png
600769,祥龙电业,"KDJ金叉; 放量上涨: 量比1.78, 涨幅3.10%; 突破20日前高",40,results/600769_祥龙电业_analysis.png
600800,渤海化学,过去一个月呈上升趋势: 强势上涨40.55%; KDJ金叉; 突破20日前高,40,results/600800_渤海化学_analysis.png
600847,万里股份,过去一个月呈上升趋势: 强势上涨12.11%; KDJ金叉; 突破20日前高,40,results/600847_万里股份_analysis.png
600887,伊利股份,"KDJ金叉; 放量上涨: 量比1.55, 涨幅2.20%; 突破20日前高",40,results/600887_伊利股份_analysis.png
600986,浙文互联,"KDJ金叉; 放量上涨: 量比3.41, 涨幅10.05%; 突破20日前高",40,results/600986_浙文互联_analysis.png
601929,吉视传媒,"KDJ金叉; 放量上涨: 量比2.40, 涨幅4.35%; 突破20日前高",40,results/601929_吉视传媒_analysis.png
601991,大唐发电,过去一个月呈上升趋势: 强势上涨12.08%; KDJ金叉; 突破20日前高,40,results/601991_大唐发电_analysis.png
603045,福达合金,"KDJ金叉; 放量上涨: 量比2.72, 涨幅6.46%; 突破20日前高",40,results/603045_福达合金_analysis.png
603058,永吉股份,"KDJ金叉; 放量上涨: 量比2.84, 涨幅4.10%; 突破20日前高",40,results/603058_永吉股份_analysis.png
603069,海汽集团,MA金叉形成; MACD金叉形成，柱状图为正 (0.033),40,results/603069_海汽集团_analysis.png
603150,万朗磁塑,"KDJ金叉; 放量上涨: 量比2.26, 涨幅9.99%; 突破20日前高",40,results/603150_万朗磁塑_analysis.png
603215,比依股份,"KDJ金叉; 放量上涨: 量比2.37, 涨幅10.03%; 突破20日前高",40,results/603215_比依股份_analysis.png
603303,得邦照明,"KDJ金叉; 放量上涨: 量比1.80, 涨幅2.42%; 突破20日前高",40,results/603303_得邦照明_analysis.png
603308,应流股份,"过去一个月呈上升趋势: 强势上涨12.04%; KDJ金叉; 放量上涨: 量比1.59, 涨幅4.83%",40,results/603308_应流股份_analysis.png
603332,苏州龙杰,过去一个月呈上升趋势: 强势上涨73.63%; KDJ金叉; 突破20日前高,40,results/603332_苏州龙杰_analysis.png
603333,尚纬股份,MA金叉形成; MACD金叉形成，柱状图为正 (0.032),40,results/603333_尚纬股份_analysis.png
603365,水星家纺,"KDJ金叉; 放量上涨: 量比1.78, 涨幅3.74%; 突破20日前高",40,results/603365_水星家纺_analysis.png
603687,大胜达,"KDJ金叉; 放量上涨: 量比2.86, 涨幅3.20%; 突破20日前高",40,results/603687_大胜达_analysis.png
603755,日辰股份,"RSI值为47.47，处于低位回升阶段; KDJ金叉; 放量上涨: 量比1.74, 涨幅1.74%",40,results/603755_日辰股份_analysis.png
603767,中马传动,"过去一个月呈上升趋势: 强势上涨12.56%; KDJ金叉; 放量上涨: 量比2.05, 涨幅1.50%",40,results/603767_中马传动_analysis.png
603825,华扬联众,"KDJ金叉; 放量上涨: 量比1.73, 涨幅2.34%; 突破20日前高",40,results/603825_华扬联众_analysis.png
603898,好莱客,"过去一个月呈上升趋势: 强势上涨13.27%; KDJ金叉; 放量上涨: 量比2.06, 涨幅3.65%",40,results/603898_好莱客_analysis.png
605050,福然德,过去一个月呈上升趋势: 强势上涨23.70%; KDJ金叉; 突破20日前高,40,results/605050_福然德_analysis.png
605081,*ST太和,过去一个月呈上升趋势: 强势上涨11.28%; KDJ金叉; 突破20日前高,40,results/605081_*ST太和_analysis.png
605266,健之佳,"KDJ金叉; 放量上涨: 量比3.85, 涨幅4.73%; 突破20日前高",40,results/605266_健之佳_analysis.png
605299,舒华体育,"KDJ金叉; 放量上涨: 量比3.43, 涨幅3.45%; 突破20日前高",40,results/605299_舒华体育_analysis.png
688021,奥福科技,过去一个月呈上升趋势: 强势上涨19.33%; KDJ金叉; 突破20日前高,40,results/688021_奥福科技_analysis.png
688060,云涌科技,"KDJ金叉; 放量上涨: 量比1.94, 涨幅1.89%; 突破20日前高",40,results/688060_云涌科技_analysis.png
688061,灿瑞科技,"KDJ金叉; 放量上涨: 量比2.25, 涨幅2.27%; 突破20日前高",40,results/688061_灿瑞科技_analysis.png
688132,邦彦技术,"过去一个月呈上升趋势: 强势上涨12.90%; KDJ金叉; 放量上涨: 量比1.73, 涨幅6.65%",40,results/688132_邦彦技术_analysis.png
688181,八亿时空,"KDJ金叉; 放量上涨: 量比2.05, 涨幅1.98%; 突破20日前高",40,results/688181_八亿时空_analysis.png
688207,格灵深瞳,"KDJ金叉; 放量上涨: 量比1.63, 涨幅5.07%; 突破20日前高",40,results/688207_格灵深瞳_analysis.png
688215,瑞晟智能,过去一个月呈上升趋势: 强势上涨32.50%; KDJ金叉; 突破20日前高,40,results/688215_瑞晟智能_analysis.png
688216,气派科技,"KDJ金叉; 放量上涨: 量比1.92, 涨幅2.92%; 突破20日前高",40,results/688216_气派科技_analysis.png
688230,芯导科技,"KDJ金叉; 放量上涨: 量比2.22, 涨幅5.54%; 突破20日前高",40,results/688230_芯导科技_analysis.png
688309,恒誉环保,过去一个月呈上升趋势: 强势上涨13.23%; KDJ金叉; 突破20日前高,40,results/688309_恒誉环保_analysis.png
688363,华熙生物,"KDJ金叉; 放量上涨: 量比1.78, 涨幅4.90%; 突破20日前高",40,results/688363_华熙生物_analysis.png
688370,丛麟科技,"KDJ金叉; 放量上涨: 量比1.90, 涨幅1.10%; 突破20日前高",40,results/688370_丛麟科技_analysis.png
688398,赛特新材,"KDJ金叉; 放量上涨: 量比1.77, 涨幅9.15%; 突破20日前高",40,results/688398_赛特新材_analysis.png
688456,有研粉材,"KDJ金叉; 放量上涨: 量比1.75, 涨幅2.27%; 突破20日前高",40,results/688456_有研粉材_analysis.png
688501,青达环保,过去一个月呈上升趋势: 强势上涨52.55%; KDJ金叉; 突破20日前高,40,results/688501_青达环保_analysis.png
688553,汇宇制药,"RSI值为24.16，股票可能超卖; KDJ低位金叉; 放量上涨: 量比1.57, 涨幅1.99%",40,results/688553_汇宇制药_analysis.png
688565,力源科技,过去一个月呈上升趋势: 强势上涨14.80%; KDJ金叉; 突破20日前高,40,results/688565_力源科技_analysis.png
688639,华恒生物,"KDJ金叉; 放量上涨: 量比1.90, 涨幅5.08%; 突破20日前高",40,results/688639_华恒生物_analysis.png
688659,元琛科技,过去一个月呈上升趋势: 强势上涨12.12%; KDJ金叉; 突破20日前高,40,results/688659_元琛科技_analysis.png
688710,益诺思,"RSI值为45.14，处于低位回升阶段; KDJ金叉; 放量上涨: 量比1.68, 涨幅2.64%",40,results/688710_益诺思_analysis.png
688767,博拓生物,"过去一个月呈上升趋势: 强势上涨15.95%; KDJ金叉; 放量上涨: 量比1.66, 涨幅3.06%",40,results/688767_博拓生物_analysis.png
430198,微创光电,"过去一个月呈上升趋势: 强势上涨25.72%; KDJ金叉; 放量上涨: 量比3.10, 涨幅6.40%",40,results/430198_微创光电_analysis.png
430556,雅达股份,"过去一个月呈上升趋势: 强势上涨15.33%; KDJ金叉; 放量上涨: 量比1.81, 涨幅5.73%",40,results/430556_雅达股份_analysis.png
831856,浩淼科技,"过去一个月呈上升趋势: 强势上涨37.66%; KDJ金叉; 放量上涨: 量比1.85, 涨幅6.97%",40,results/831856_浩淼科技_analysis.png
833427,华维设计,"过去一个月呈上升趋势: 强势上涨26.93%; KDJ金叉; 放量上涨: 量比1.53, 涨幅9.92%",40,results/833427_华维设计_analysis.png
835438,戈碧迦,"KDJ金叉; 放量上涨: 量比2.02, 涨幅3.92%; 突破20日前高",40,results/835438_戈碧迦_analysis.png
835892,中科美菱,"过去一个月呈上升趋势: 强势上涨22.23%; KDJ金叉; 放量上涨: 量比1.69, 涨幅5.63%",40,results/835892_中科美菱_analysis.png
836260,中寰股份,过去一个月呈上升趋势: 强势上涨16.95%; KDJ金叉; 突破20日前高,40,results/836260_中寰股份_analysis.png
870976,视声智能,"过去一个月呈上升趋势: 强势上涨18.84%; KDJ金叉; 放量上涨: 量比2.29, 涨幅4.58%",40,results/870976_视声智能_analysis.png
920060,万源通,"KDJ金叉; 放量上涨: 量比1.99, 涨幅5.40%; 突破20日前高",40,results/920060_万源通_analysis.png
000031,大悦城,RSI值为43.48，处于低位回升阶段; MACD金叉形成，柱状图为正 (0.003),35,results/000031_大悦城_analysis.png
000524,岭南控股,"MA金叉形成; 放量上涨: 量比2.29, 涨幅6.64%",35,results/000524_岭南控股_analysis.png
000539,粤电力Ａ,RSI值为30.36，处于低位回升阶段; MACD金叉形成，柱状图为正 (0.005),35,results/000539_粤电力Ａ_analysis.png
000558,天府文旅,MA金叉形成; RSI值为40.24，处于低位回升阶段,35,results/000558_天府文旅_analysis.png
000567,海德股份,MA金叉形成; RSI值为48.89，处于低位回升阶段,35,results/000567_海德股份_analysis.png
000779,甘咨询,MACD金叉形成，柱状图为正 (0.005); KDJ低位金叉,35,results/000779_甘咨询_analysis.png
000782,恒申新材,RSI值为49.18，处于低位回升阶段; MACD金叉形成，柱状图为正 (0.003),35,results/000782_恒申新材_analysis.png
000797,中国武夷,RSI值为32.00，处于低位回升阶段; MACD金叉形成，柱状图为正 (0.001),35,results/000797_中国武夷_analysis.png
000888,峨眉山Ａ,RSI值为32.51，处于低位回升阶段; MACD金叉形成，柱状图为正 (0.031),35,results/000888_峨眉山Ａ_analysis.png
000999,华润三九,RSI值为37.44，处于低位回升阶段; MACD金叉形成，柱状图为正 (0.015),35,results/000999_华润三九_analysis.png
001219,青岛食品,"MA金叉形成; 放量上涨: 量比1.68, 涨幅1.64%",35,results/001219_青岛食品_analysis.png
001256,炜冈科技,RSI值为43.17，处于低位回升阶段; MACD金叉形成，柱状图为正 (0.054),35,results/001256_炜冈科技_analysis.png
001289,龙源电力,RSI值为34.51，处于低位回升阶段; MACD金叉形成，柱状图为正 (0.009),35,results/001289_龙源电力_analysis.png
001318,阳光乳业,"MACD金叉形成，柱状图为正 (0.011); 放量上涨: 量比2.74, 涨幅3.94%",35,results/001318_阳光乳业_analysis.png
002005,ST德豪,RSI值为40.00，处于低位回升阶段; MACD金叉形成，柱状图为正 (0.002),35,results/002005_ST德豪_analysis.png
002060,广东建工,RSI值为37.50，处于低位回升阶段; MACD金叉形成，柱状图为正 (0.002),35,results/002060_广东建工_analysis.png
002090,金智科技,MACD金叉形成，柱状图为正 (0.020); KDJ低位金叉,35,results/002090_金智科技_analysis.png
002180,纳思达,RSI值为48.87，处于低位回升阶段; MACD金叉形成，柱状图为正 (0.015),35,results/002180_纳思达_analysis.png
002186,全 聚 德,"MACD金叉形成，柱状图为正 (0.019); 放量上涨: 量比1.82, 涨幅2.09%",35,results/002186_全 聚 德_analysis.png
002216,三全食品,"MACD金叉形成，柱状图为正 (0.026); 放量上涨: 量比1.83, 涨幅1.69%",35,results/002216_三全食品_analysis.png
002217,*ST合泰,MA金叉形成; RSI值为44.44，处于低位回升阶段,35,results/002217_*ST合泰_analysis.png
002306,*ST云网,"MA金叉形成; 放量上涨: 量比1.64, 涨幅2.73%",35,results/002306_*ST云网_analysis.png
002354,天娱数科,过去一个月呈上升趋势: 强势上涨14.12%; MACD金叉形成，柱状图为正 (0.006),35,results/002354_天娱数科_analysis.png
002474,榕基软件,"MACD金叉形成，柱状图为正 (0.011); 放量上涨: 量比2.12, 涨幅3.05%",35,results/002474_榕基软件_analysis.png
002507,涪陵榨菜,"MACD金叉形成，柱状图为正 (0.053); 放量上涨: 量比2.29, 涨幅2.34%",35,results/002507_涪陵榨菜_analysis.png
002548,金新农,RSI值为44.23，处于低位回升阶段; MACD金叉形成，柱状图为正 (0.006),35,results/002548_金新农_analysis.png
002597,金禾实业,MACD金叉形成，柱状图为正 (0.008); KDJ低位金叉,35,results/002597_金禾实业_analysis.png
002629,仁智股份,RSI值为39.16，处于低位回升阶段; MACD金叉形成，柱状图为正 (0.014),35,results/002629_仁智股份_analysis.png
002746,仙坛股份,MA金叉形成; RSI值为50.00，处于低位回升阶段,35,results/002746_仙坛股份_analysis.png
002880,卫光生物,"MA金叉形成; 放量上涨: 量比2.29, 涨幅2.52%",35,results/002880_卫光生物_analysis.png
002929,润建股份,"MACD金叉形成，柱状图为正 (0.099); 放量上涨: 量比2.22, 涨幅8.58%",35,results/002929_润建股份_analysis.png
002990,盛视科技,"MACD金叉形成，柱状图为正 (0.295); 放量上涨: 量比6.03, 涨幅2.56%",35,results/002990_盛视科技_analysis.png
003004,*ST声迅,MA金叉形成; RSI值为46.70，处于低位回升阶段,35,results/003004_*ST声迅_analysis.png
003013,地铁设计,"MA金叉形成; 放量上涨: 量比3.02, 涨幅2.21%",35,results/003013_地铁设计_analysis.png
300005,探路者,"MACD金叉形成，柱状图为正 (0.027); 放量上涨: 量比1.62, 涨幅5.65%",35,results/300005_探路者_analysis.png
300192,科德教育,MACD金叉形成，柱状图为正 (0.005); KDJ低位金叉,35,results/300192_科德教育_analysis.png
300892,品渥食品,过去一个月呈上升趋势: 强势上涨33.57%; MACD金叉形成，柱状图为正 (0.027),35,results/300892_品渥食品_analysis.png
300896,爱美客,"MA金叉形成; 放量上涨: 量比2.21, 涨幅3.93%",35,results/300896_爱美客_analysis.png
300898,熊猫乳品,"MACD金叉形成，柱状图为正 (0.014); 放量上涨: 量比1.72, 涨幅4.02%",35,results/300898_熊猫乳品_analysis.png
301037,保立佳,MACD金叉形成，柱状图为正 (0.031); KDJ低位金叉,35,results/301037_保立佳_analysis.png
301047,义翘神州,"MA金叉形成; 放量上涨: 量比1.59, 涨幅1.52%",35,results/301047_义翘神州_analysis.png
301116,益客食品,"MACD金叉形成，柱状图为正 (0.136); 放量上涨: 量比3.59, 涨幅7.46%",35,results/301116_益客食品_analysis.png
600113,浙江东日,MA金叉形成; RSI值为40.95，处于低位回升阶段,35,results/600113_浙江东日_analysis.png
600161,天坛生物,RSI值为36.72，处于低位回升阶段; MACD金叉形成，柱状图为正 (0.035),35,results/600161_天坛生物_analysis.png
600187,国中水务,"MACD金叉形成，柱状图为正 (0.022); 放量上涨: 量比1.53, 涨幅1.82%",35,results/600187_国中水务_analysis.png
600190,*ST锦港,RSI值为31.82，处于低位回升阶段; MACD金叉形成，柱状图为正 (0.003),35,results/600190_*ST锦港_analysis.png
600272,开开实业,"MACD金叉形成，柱状图为正 (0.041); 放量上涨: 量比2.12, 涨幅3.01%",35,results/600272_开开实业_analysis.png
600327,大东方,MACD金叉形成，柱状图为正 (0.003); KDJ低位金叉,35,results/600327_大东方_analysis.png
600376,首开股份,MA金叉形成; RSI值为48.08，处于低位回升阶段,35,results/600376_首开股份_analysis.png
600515,海南机场,MACD金叉形成，柱状图为正 (0.002); KDJ低位金叉,35,results/600515_海南机场_analysis.png
600572,康恩贝,MA金叉形成; RSI值为42.11，处于低位回升阶段,35,results/600572_康恩贝_analysis.png
600622,光大嘉宝,RSI值为39.36，处于低位回升阶段; MACD金叉形成，柱状图为正 (0.006),35,results/600622_光大嘉宝_analysis.png
600628,新世界,"MACD金叉形成，柱状图为正 (0.006); 放量上涨: 量比1.87, 涨幅2.42%",35,results/600628_新世界_analysis.png
600642,申能股份,RSI值为38.03，处于低位回升阶段; MACD金叉形成，柱状图为正 (0.002),35,results/600642_申能股份_analysis.png
600644,乐山电力,过去一个月呈上升趋势: 强势上涨97.03%; MACD金叉形成，柱状图为正 (0.013),35,results/600644_乐山电力_analysis.png
600655,豫园股份,"MACD金叉形成，柱状图为正 (0.005); 放量上涨: 量比2.76, 涨幅2.32%",35,results/600655_豫园股份_analysis.png
600683,京投发展,MA金叉形成; RSI值为49.28，处于低位回升阶段,35,results/600683_京投发展_analysis.png
600692,亚通股份,RSI值为39.53，处于低位回升阶段; MACD金叉形成，柱状图为正 (0.022),35,results/600692_亚通股份_analysis.png
600712,南宁百货,过去一个月呈上升趋势: 强势上涨10.25%; MACD金叉形成，柱状图为正 (0.018),35,results/600712_南宁百货_analysis.png
600727,鲁北化工,MA金叉形成; RSI值为47.03，处于低位回升阶段,35,results/600727_鲁北化工_analysis.png
600730,中国高科,RSI值为42.86，处于低位回升阶段; MACD金叉形成，柱状图为正 (0.013),35,results/600730_中国高科_analysis.png
600738,丽尚国潮,"MACD金叉形成，柱状图为正 (0.018); 放量上涨: 量比2.34, 涨幅4.31%",35,results/600738_丽尚国潮_analysis.png
600745,闻泰科技,"MACD金叉形成，柱状图为正 (0.013); 放量上涨: 量比1.86, 涨幅3.32%",35,results/600745_闻泰科技_analysis.png
600749,西藏旅游,RSI值为32.69，处于低位回升阶段; MACD金叉形成，柱状图为正 (0.002),35,results/600749_西藏旅游_analysis.png
600778,友好集团,"MACD金叉形成，柱状图为正 (0.011); 放量上涨: 量比1.59, 涨幅2.61%",35,results/600778_友好集团_analysis.png
600820,隧道股份,MA金叉形成; RSI值为45.88，处于低位回升阶段,35,results/600820_隧道股份_analysis.png
600822,上海物贸,过去一个月呈上升趋势: 强势上涨18.19%; MACD金叉形成，柱状图为正 (0.014),35,results/600822_上海物贸_analysis.png
600838,上海九百,"MACD金叉形成，柱状图为正 (0.033); 放量上涨: 量比1.95, 涨幅3.03%",35,results/600838_上海九百_analysis.png
600872,中炬高新,RSI值为33.33，处于低位回升阶段; MACD金叉形成，柱状图为正 (0.007),35,results/600872_中炬高新_analysis.png
600903,贵州燃气,RSI值为47.44，处于低位回升阶段; MACD金叉形成，柱状图为正 (0.006),35,results/600903_贵州燃气_analysis.png
600941,中国移动,MACD金叉形成，柱状图为正 (0.156); 突破20日前高,35,results/600941_中国移动_analysis.png
600965,福成股份,MACD金叉形成，柱状图为正 (0.004); KDJ低位金叉,35,results/600965_福成股份_analysis.png
600984,建设机械,RSI值为45.61，处于低位回升阶段; MACD金叉形成，柱状图为正 (0.000),35,results/600984_建设机械_analysis.png
601007,金陵饭店,MA金叉形成; RSI值为46.97，处于低位回升阶段,35,results/601007_金陵饭店_analysis.png
601518,吉林高速,MA金叉形成; RSI值为50.00，处于低位回升阶段,35,results/601518_吉林高速_analysis.png
603099,长白山,RSI值为48.74，处于低位回升阶段; MACD金叉形成，柱状图为正 (0.084),35,results/603099_长白山_analysis.png
603136,天目湖,RSI值为35.39，处于低位回升阶段; MACD金叉形成，柱状图为正 (0.008),35,results/603136_天目湖_analysis.png
603170,宝立食品,"MA金叉形成; 放量上涨: 量比2.38, 涨幅2.03%",35,results/603170_宝立食品_analysis.png
603199,九华旅游,RSI值为42.44，处于低位回升阶段; MACD金叉形成，柱状图为正 (0.058),35,results/603199_九华旅游_analysis.png
603301,振德医疗,MA金叉形成; RSI值为42.93，处于低位回升阶段,35,results/603301_振德医疗_analysis.png
603367,辰欣药业,"MA金叉形成; 放量上涨: 量比1.62, 涨幅1.33%",35,results/603367_辰欣药业_analysis.png
603477,巨星农牧,RSI值为45.73，处于低位回升阶段; MACD金叉形成，柱状图为正 (0.015),35,results/603477_巨星农牧_analysis.png
603690,至纯科技,RSI值为48.59，处于低位回升阶段; MACD金叉形成，柱状图为正 (0.067),35,results/603690_至纯科技_analysis.png
603693,江苏新能,"MA金叉形成; 放量上涨: 量比2.08, 涨幅10.02%",35,results/603693_江苏新能_analysis.png
603733,仙鹤股份,RSI值为39.80，处于低位回升阶段; MACD金叉形成，柱状图为正 (0.021),35,results/603733_仙鹤股份_analysis.png
603777,来伊份,"MACD金叉形成，柱状图为正 (0.035); 放量上涨: 量比1.75, 涨幅2.23%",35,results/603777_来伊份_analysis.png
603786,科博达,RSI值为41.02，处于低位回升阶段; MACD金叉形成，柱状图为正 (0.000),35,results/603786_科博达_analysis.png
605011,杭州热电,RSI值为31.15，处于低位回升阶段; MACD金叉形成，柱状图为正 (0.026),35,results/605011_杭州热电_analysis.png
605089,味知香,"MA金叉形成; 放量上涨: 量比2.09, 涨幅1.70%",35,results/605089_味知香_analysis.png
605116,奥锐特,"MA金叉形成; 放量上涨: 量比2.05, 涨幅3.34%",35,results/605116_奥锐特_analysis.png
605300,佳禾食品,"MACD金叉形成，柱状图为正 (0.149); 放量上涨: 量比3.82, 涨幅9.99%",35,results/605300_佳禾食品_analysis.png
605388,均瑶健康,"MA金叉形成; 放量上涨: 量比1.74, 涨幅2.02%",35,results/605388_均瑶健康_analysis.png
688062,迈威生物,RSI值为44.80，处于低位回升阶段; MACD金叉形成，柱状图为正 (0.172),35,results/688062_迈威生物_analysis.png
688105,诺唯赞,RSI值为47.16，处于低位回升阶段; MACD金叉形成，柱状图为正 (0.029),35,results/688105_诺唯赞_analysis.png
688267,中触媒,"MACD金叉形成，柱状图为正 (0.042); 放量上涨: 量比1.53, 涨幅0.32%",35,results/688267_中触媒_analysis.png
688293,奥浦迈,过去一个月呈上升趋势: 强势上涨14.48%; MA金叉形成,35,results/688293_奥浦迈_analysis.png
688428,诺诚健华,过去一个月呈上升趋势: 强势上涨20.51%; MACD金叉形成，柱状图为正 (0.127),35,results/688428_诺诚健华_analysis.png
688531,日联科技,RSI值为41.04，处于低位回升阶段; MACD金叉形成，柱状图为正 (0.019),35,results/688531_日联科技_analysis.png
688578,艾力斯,RSI值为43.95，处于低位回升阶段; MACD金叉形成，柱状图为正 (0.007),35,results/688578_艾力斯_analysis.png
688799,华纳药厂,"MACD金叉形成，柱状图为正 (0.045); 放量上涨: 量比1.63, 涨幅3.56%",35,results/688799_华纳药厂_analysis.png
832651,天罡股份,"MACD金叉形成，柱状图为正 (0.054); 放量上涨: 量比2.38, 涨幅4.01%",35,results/832651_天罡股份_analysis.png
836422,润普食品,过去一个月呈上升趋势: 强势上涨24.70%; MACD金叉形成，柱状图为正 (0.060),35,results/836422_润普食品_analysis.png
920118,太湖远大,MA金叉形成; RSI值为46.86，处于低位回升阶段,35,results/920118_太湖远大_analysis.png
000016,深康佳Ａ,过去一个月呈上升趋势: 强势上涨18.46%; KDJ低位金叉,30,results/000016_深康佳Ａ_analysis.png
000028,国药一致,"放量上涨: 量比1.76, 涨幅1.31%; 突破20日前高",30,results/000028_国药一致_analysis.png
000036,华联控股,RSI值为42.00，处于低位回升阶段; KDJ低位金叉,30,results/000036_华联控股_analysis.png
000048,京基智农,"放量上涨: 量比2.45, 涨幅6.18%; 突破20日前高",30,results/000048_京基智农_analysis.png
000058,深 赛 格,MA金叉形成; KDJ金叉,30,results/000058_深 赛 格_analysis.png
000090,天健集团,RSI值为27.27，股票可能超卖; MACD金叉形成，柱状图为正 (0.001),30,results/000090_天健集团_analysis.png
000488,ST晨鸣,"放量上涨: 量比2.66, 涨幅5.08%; 突破20日前高",30,results/000488_ST晨鸣_analysis.png
000509,华塑控股,"放量上涨: 量比1.63, 涨幅2.41%; 突破20日前高",30,results/000509_华塑控股_analysis.png
000510,新金路,过去一个月呈上升趋势: 强势上涨42.34%; RSI值为48.56，处于低位回升阶段,30,results/000510_新金路_analysis.png
000514,渝 开 发,过去一个月呈上升趋势: 强势上涨16.88%; RSI值为43.59，处于低位回升阶段,30,results/000514_渝 开 发_analysis.png
000531,穗恒运Ａ,RSI值为34.72，处于低位回升阶段; KDJ低位金叉,30,results/000531_穗恒运Ａ_analysis.png
000536,华映科技,"KDJ低位金叉; 放量上涨: 量比2.67, 涨幅3.49%",30,results/000536_华映科技_analysis.png
000553,安道麦A,过去一个月呈上升趋势: 强势上涨17.45%; 突破20日前高,30,results/000553_安道麦A_analysis.png
000586,汇源通信,"过去一个月呈上升趋势: 强势上涨14.18%; 放量上涨: 量比1.55, 涨幅2.61%",30,results/000586_汇源通信_analysis.png
000597,东北制药,RSI值为36.96，处于低位回升阶段; KDJ低位金叉,30,results/000597_东北制药_analysis.png
000599,青岛双星,"放量上涨: 量比2.82, 涨幅3.11%; 突破20日前高",30,results/000599_青岛双星_analysis.png
000600,建投能源,过去一个月呈上升趋势: 强势上涨12.19%; RSI值为43.62，处于低位回升阶段,30,results/000600_建投能源_analysis.png
000608,*ST阳光,"放量上涨: 量比1.85, 涨幅2.78%; 突破20日前高",30,results/000608_*ST阳光_analysis.png
000609,*ST中迪,过去一个月呈上升趋势: 强势上涨29.83%; 突破20日前高,30,results/000609_*ST中迪_analysis.png
000632,三木集团,过去一个月呈上升趋势: 强势上涨11.34%; RSI值为38.62，处于低位回升阶段,30,results/000632_三木集团_analysis.png
000672,上峰水泥,"KDJ低位金叉; 放量上涨: 量比1.74, 涨幅1.30%",30,results/000672_上峰水泥_analysis.png
000688,国城矿业,"放量上涨: 量比2.33, 涨幅1.70%; 突破20日前高",30,results/000688_国城矿业_analysis.png
000691,*ST亚太,过去一个月呈上升趋势: 强势上涨70.75%; 突破20日前高,30,results/000691_*ST亚太_analysis.png
000702,正虹科技,"放量上涨: 量比4.05, 涨幅0.96%; 突破20日前高",30,results/000702_正虹科技_analysis.png
000713,丰乐种业,RSI值为38.30，处于低位回升阶段; KDJ低位金叉,30,results/000713_丰乐种业_analysis.png
000720,新能泰山,"过去一个月呈上升趋势: 强势上涨17.65%; 放量上涨: 量比1.58, 涨幅1.19%",30,results/000720_新能泰山_analysis.png
000723,美锦能源,"KDJ低位金叉; 放量上涨: 量比1.72, 涨幅1.17%",30,results/000723_美锦能源_analysis.png
000735,罗 牛 山,"RSI值为32.84，处于低位回升阶段; 放量上涨: 量比1.71, 涨幅0.51%",30,results/000735_罗 牛 山_analysis.png
000791,甘肃能源,RSI值为34.23，处于低位回升阶段; KDJ低位金叉,30,results/000791_甘肃能源_analysis.png
000800,一汽解放,MA金叉形成; KDJ金叉,30,results/000800_一汽解放_analysis.png
000809,和展能源,"RSI值为37.74，处于低位回升阶段; 放量上涨: 量比2.83, 涨幅2.76%",30,results/000809_和展能源_analysis.png
000848,承德露露,"过去一个月呈上升趋势: 强势上涨22.92%; 放量上涨: 量比2.55, 涨幅1.99%",30,results/000848_承德露露_analysis.png
000862,银星能源,"RSI值为31.61，处于低位回升阶段; 放量上涨: 量比1.96, 涨幅3.73%",30,results/000862_银星能源_analysis.png
000863,三湘印象,"过去一个月呈上升趋势: 强势上涨10.87%; 放量上涨: 量比2.04, 涨幅2.51%",30,results/000863_三湘印象_analysis.png
000882,华联股份,RSI值为50.00，处于低位回升阶段; KDJ低位金叉,30,results/000882_华联股份_analysis.png
000883,湖北能源,RSI值为28.57，股票可能超卖; MACD金叉形成，柱状图为正 (0.001),30,results/000883_湖北能源_analysis.png
000893,亚钾国际,过去一个月呈上升趋势: 强势上涨13.10%; RSI值为40.71，处于低位回升阶段,30,results/000893_亚钾国际_analysis.png
000910,大亚圣象,RSI值为43.38，处于低位回升阶段; KDJ低位金叉,30,results/000910_大亚圣象_analysis.png
000917,电广传媒,"KDJ低位金叉; 放量上涨: 量比2.60, 涨幅2.71%",30,results/000917_电广传媒_analysis.png
000926,福星股份,RSI值为48.78，处于低位回升阶段; KDJ低位金叉,30,results/000926_福星股份_analysis.png
000929,*ST兰黄,过去一个月呈上升趋势: 强势上涨16.12%; 突破20日前高,30,results/000929_*ST兰黄_analysis.png
000930,中粮科技,MACD金叉形成，柱状图为正 (0.000); KDJ金叉,30,results/000930_中粮科技_analysis.png
000965,天保基建,过去一个月呈上升趋势: 强势上涨31.37%; RSI值为31.64，处于低位回升阶段,30,results/000965_天保基建_analysis.png
000993,闽东电力,过去一个月呈上升趋势: 强势上涨13.92%; RSI值为48.17，处于低位回升阶段,30,results/000993_闽东电力_analysis.png
001209,洪兴股份,"过去一个月呈上升趋势: 强势上涨13.86%; 放量上涨: 量比1.65, 涨幅4.44%",30,results/001209_洪兴股份_analysis.png
001225,和泰机电,RSI值为34.07，处于低位回升阶段; KDJ低位金叉,30,results/001225_和泰机电_analysis.png
001258,立新能源,"RSI值为48.28，处于低位回升阶段; 放量上涨: 量比1.69, 涨幅2.13%",30,results/001258_立新能源_analysis.png
001300,三柏硕,过去一个月呈上升趋势: 强势上涨12.53%; 突破20日前高,30,results/001300_三柏硕_analysis.png
001317,三羊马,"过去一个月呈上升趋势: 强势上涨32.82%; 放量上涨: 量比1.67, 涨幅6.32%",30,results/001317_三羊马_analysis.png
001332,锡装股份,RSI值为39.61，处于低位回升阶段; KDJ低位金叉,30,results/001332_锡装股份_analysis.png
001378,德冠新材,"放量上涨: 量比3.15, 涨幅1.59%; 突破20日前高",30,results/001378_德冠新材_analysis.png
002016,世荣兆业,RSI值为44.21，处于低位回升阶段; KDJ低位金叉,30,results/002016_世荣兆业_analysis.png
002059,云南旅游,"RSI值为35.09，处于低位回升阶段; 放量上涨: 量比1.56, 涨幅0.78%",30,results/002059_云南旅游_analysis.png
002074,国轩高科,"过去一个月呈上升趋势: 强势上涨12.18%; 放量上涨: 量比1.91, 涨幅4.80%",30,results/002074_国轩高科_analysis.png
002079,苏州固锝,"放量上涨: 量比3.01, 涨幅2.98%; 突破20日前高",30,results/002079_苏州固锝_analysis.png
002082,万邦德,"RSI值为48.98，处于低位回升阶段; 放量上涨: 量比1.51, 涨幅1.91%",30,results/002082_万邦德_analysis.png
002088,鲁阳节能,RSI值为15.69，股票可能超卖; MACD金叉形成，柱状图为正 (0.013),30,results/002088_鲁阳节能_analysis.png
002098,浔兴股份,过去一个月呈上升趋势: 强势上涨13.94%; RSI值为42.30，处于低位回升阶段,30,results/002098_浔兴股份_analysis.png
002102,能特科技,过去一个月呈上升趋势: 强势上涨10.00%; 突破20日前高,30,results/002102_能特科技_analysis.png
002107,沃华医药,过去一个月呈上升趋势: 强势上涨15.02%; 突破20日前高,30,results/002107_沃华医药_analysis.png
002177,御银股份,MACD金叉形成，柱状图为正 (0.004); KDJ金叉,30,results/002177_御银股份_analysis.png
002188,中天服务,过去一个月呈上升趋势: 强势上涨17.56%; 突破20日前高,30,results/002188_中天服务_analysis.png
002194,武汉凡谷,过去一个月呈上升趋势: 强势上涨28.72%; RSI值为49.71，处于低位回升阶段,30,results/002194_武汉凡谷_analysis.png
002196,方正电机,过去一个月呈上升趋势: 强势上涨14.83%; RSI值为50.00，处于低位回升阶段,30,results/002196_方正电机_analysis.png
002199,*ST东晶,过去一个月呈上升趋势: 强势上涨12.38%; 突破20日前高,30,results/002199_*ST东晶_analysis.png
002234,民和股份,"RSI值为43.84，处于低位回升阶段; 放量上涨: 量比1.83, 涨幅1.53%",30,results/002234_民和股份_analysis.png
002285,世联行,RSI值为37.88，处于低位回升阶段; KDJ低位金叉,30,results/002285_世联行_analysis.png
002291,遥望科技,"放量上涨: 量比2.17, 涨幅3.54%; 突破20日前高",30,results/002291_遥望科技_analysis.png
002293,罗莱生活,"过去一个月呈上升趋势: 强势上涨16.39%; 放量上涨: 量比2.02, 涨幅0.83%",30,results/002293_罗莱生活_analysis.png
002297,博云新材,过去一个月呈上升趋势: 强势上涨30.33%; 突破20日前高,30,results/002297_博云新材_analysis.png
002305,*ST南置,过去一个月呈上升趋势: 强势上涨42.45%; 突破20日前高,30,results/002305_*ST南置_analysis.png
002311,海大集团,过去一个月呈上升趋势: 强势上涨13.86%; 突破20日前高,30,results/002311_海大集团_analysis.png
002329,皇氏集团,过去一个月呈上升趋势: 强势上涨16.72%; 突破20日前高,30,results/002329_皇氏集团_analysis.png
002345,潮宏基,过去一个月呈上升趋势: 强势上涨28.04%; 突破20日前高,30,results/002345_潮宏基_analysis.png
002349,精华制药,"放量上涨: 量比1.88, 涨幅2.88%; 突破20日前高",30,results/002349_精华制药_analysis.png
002372,伟星新材,RSI值为31.06，处于低位回升阶段; KDJ低位金叉,30,results/002372_伟星新材_analysis.png
002393,力生制药,"放量上涨: 量比1.75, 涨幅1.47%; 突破20日前高",30,results/002393_力生制药_analysis.png
002431,棕榈股份,过去一个月呈上升趋势: 强势上涨18.23%; 突破20日前高,30,results/002431_棕榈股份_analysis.png
002456,欧菲光,"放量上涨: 量比4.22, 涨幅9.97%; 突破20日前高",30,results/002456_欧菲光_analysis.png
002458,益生股份,RSI值为21.43，股票可能超卖; MACD金叉形成，柱状图为正 (0.018),30,results/002458_益生股份_analysis.png
002465,海格通信,"放量上涨: 量比6.09, 涨幅1.05%; 突破20日前高",30,results/002465_海格通信_analysis.png
002469,三维化学,过去一个月呈上升趋势: 强势上涨11.59%; RSI值为47.76，处于低位回升阶段,30,results/002469_三维化学_analysis.png
002486,嘉麟杰,过去一个月呈上升趋势: 强势上涨22.66%; 突破20日前高,30,results/002486_嘉麟杰_analysis.png
002495,佳隆股份,过去一个月呈上升趋势: 强势上涨14.40%; 突破20日前高,30,results/002495_佳隆股份_analysis.png
002496,*ST辉丰,过去一个月呈上升趋势: 强势上涨12.95%; 突破20日前高,30,results/002496_*ST辉丰_analysis.png
002510,天汽模,过去一个月呈上升趋势: 强势上涨40.00%; 突破20日前高,30,results/002510_天汽模_analysis.png
002511,中顺洁柔,"放量上涨: 量比2.04, 涨幅2.12%; 突破20日前高",30,results/002511_中顺洁柔_analysis.png
002558,巨人网络,"KDJ低位金叉; 放量上涨: 量比1.87, 涨幅5.32%",30,results/002558_巨人网络_analysis.png
002584,西陇科学,过去一个月呈上升趋势: 强势上涨16.96%; RSI值为43.07，处于低位回升阶段,30,results/002584_西陇科学_analysis.png
002588,史丹利,过去一个月呈上升趋势: 强势上涨17.71%; 突破20日前高,30,results/002588_史丹利_analysis.png
002594,比亚迪,过去一个月呈上升趋势: 强势上涨10.43%; 突破20日前高,30,results/002594_比亚迪_analysis.png
002602,ST华通,过去一个月呈上升趋势: 强势上涨26.99%; 突破20日前高,30,results/002602_ST华通_analysis.png
002625,光启技术,过去一个月呈上升趋势: 强势上涨13.04%; RSI值为49.15，处于低位回升阶段,30,results/002625_光启技术_analysis.png
002626,金达威,"过去一个月呈上升趋势: 强势上涨26.44%; 放量上涨: 量比1.61, 涨幅1.97%",30,results/002626_金达威_analysis.png
002633,申科股份,过去一个月呈上升趋势: 强势上涨23.10%; 突破20日前高,30,results/002633_申科股份_analysis.png
002700,新疆浩源,"KDJ低位金叉; 放量上涨: 量比2.09, 涨幅3.60%",30,results/002700_新疆浩源_analysis.png
002714,牧原股份,RSI值为42.11，处于低位回升阶段; KDJ低位金叉,30,results/002714_牧原股份_analysis.png
002735,王子新材,过去一个月呈上升趋势: 强势上涨48.16%; 突破20日前高,30,results/002735_王子新材_analysis.png
002773,康弘药业,"RSI值为42.09，处于低位回升阶段; 放量上涨: 量比1.63, 涨幅2.15%",30,results/002773_康弘药业_analysis.png
002790,瑞尔特,"放量上涨: 量比2.07, 涨幅2.77%; 突破20日前高",30,results/002790_瑞尔特_analysis.png
002795,永和智控,RSI值为49.31，处于低位回升阶段; KDJ低位金叉,30,results/002795_永和智控_analysis.png
002801,微光股份,"放量上涨: 量比1.88, 涨幅2.96%; 突破20日前高",30,results/002801_微光股份_analysis.png
002808,*ST恒久,过去一个月呈上升趋势: 强势上涨25.53%; 突破20日前高,30,results/002808_*ST恒久_analysis.png
002813,路畅科技,过去一个月呈上升趋势: 强势上涨29.17%; 突破20日前高,30,results/002813_路畅科技_analysis.png
002818,富森美,RSI值为36.13，处于低位回升阶段; KDJ低位金叉,30,results/002818_富森美_analysis.png
002838,道恩股份,过去一个月呈上升趋势: 强势上涨21.18%; 突破20日前高,30,results/002838_道恩股份_analysis.png
002847,盐津铺子,"过去一个月呈上升趋势: 强势上涨28.34%; 放量上涨: 量比2.16, 涨幅3.48%",30,results/002847_盐津铺子_analysis.png
002848,*ST高斯,过去一个月呈上升趋势: 强势上涨23.13%; 突破20日前高,30,results/002848_*ST高斯_analysis.png
002856,美芝股份,过去一个月呈上升趋势: 强势上涨30.02%; 突破20日前高,30,results/002856_美芝股份_analysis.png
002868,*ST绿康,过去一个月呈上升趋势: 强势上涨47.93%; 突破20日前高,30,results/002868_*ST绿康_analysis.png
002871,伟隆股份,过去一个月呈上升趋势: 强势上涨12.68%; 突破20日前高,30,results/002871_伟隆股份_analysis.png
002878,元隆雅图,"放量上涨: 量比4.64, 涨幅4.87%; 突破20日前高",30,results/002878_元隆雅图_analysis.png
002890,弘宇股份,过去一个月呈上升趋势: 强势上涨20.13%; 突破20日前高,30,results/002890_弘宇股份_analysis.png
002898,*ST赛隆,过去一个月呈上升趋势: 强势上涨11.10%; 突破20日前高,30,results/002898_*ST赛隆_analysis.png
002899,英派斯,RSI值为49.38，处于低位回升阶段; KDJ低位金叉,30,results/002899_英派斯_analysis.png
002905,金逸影视,过去一个月呈上升趋势: 强势上涨11.80%; 突破20日前高,30,results/002905_金逸影视_analysis.png
002911,佛燃能源,RSI值为29.66，股票可能超卖; MACD金叉形成，柱状图为正 (0.006),30,results/002911_佛燃能源_analysis.png
002912,中新赛克,RSI值为39.68，处于低位回升阶段; KDJ低位金叉,30,results/002912_中新赛克_analysis.png
002956,西麦食品,"过去一个月呈上升趋势: 强势上涨38.42%; 放量上涨: 量比2.02, 涨幅2.73%",30,results/002956_西麦食品_analysis.png
002967,广电计量,RSI值为36.80，处于低位回升阶段; KDJ低位金叉,30,results/002967_广电计量_analysis.png
003006,百亚股份,"过去一个月呈上升趋势: 强势上涨36.91%; 放量上涨: 量比1.82, 涨幅1.77%",30,results/003006_百亚股份_analysis.png
003010,若羽臣,过去一个月呈上升趋势: 强势上涨43.07%; 突破20日前高,30,results/003010_若羽臣_analysis.png
003011,海象新材,过去一个月呈上升趋势: 强势上涨21.33%; 突破20日前高,30,results/003011_海象新材_analysis.png
003017,大洋生物,过去一个月呈上升趋势: 强势上涨15.17%; KDJ低位金叉,30,results/003017_大洋生物_analysis.png
300013,新宁物流,过去一个月呈上升趋势: 强势上涨10.33%; RSI值为44.63，处于低位回升阶段,30,results/300013_新宁物流_analysis.png
300069,金利华电,过去一个月呈上升趋势: 强势上涨30.73%; 突破20日前高,30,results/300069_金利华电_analysis.png
300102,乾照光电,"放量上涨: 量比3.14, 涨幅4.29%; 突破20日前高",30,results/300102_乾照光电_analysis.png
300106,西部牧业,"过去一个月呈上升趋势: 强势上涨20.48%; 放量上涨: 量比1.63, 涨幅2.66%",30,results/300106_西部牧业_analysis.png
300121,阳谷华泰,"过去一个月呈上升趋势: 强势上涨12.24%; 放量上涨: 量比3.15, 涨幅2.20%",30,results/300121_阳谷华泰_analysis.png
300138,晨光生物,"过去一个月呈上升趋势: 强势上涨15.22%; 放量上涨: 量比1.96, 涨幅0.80%",30,results/300138_晨光生物_analysis.png
300146,汤臣倍健,"放量上涨: 量比3.71, 涨幅5.58%; 突破20日前高",30,results/300146_汤臣倍健_analysis.png
300149,睿智医药,"放量上涨: 量比1.80, 涨幅2.68%; 突破20日前高",30,results/300149_睿智医药_analysis.png
300158,振东制药,"放量上涨: 量比3.57, 涨幅4.79%; 突破20日前高",30,results/300158_振东制药_analysis.png
300179,四方达,"放量上涨: 量比2.15, 涨幅5.89%; 突破20日前高",30,results/300179_四方达_analysis.png
300196,长海股份,"放量上涨: 量比1.51, 涨幅1.43%; 突破20日前高",30,results/300196_长海股份_analysis.png
300197,节能铁汉,"放量上涨: 量比1.60, 涨幅2.01%; 突破20日前高",30,results/300197_节能铁汉_analysis.png
300203,聚光科技,过去一个月呈上升趋势: 强势上涨19.03%; RSI值为35.48，处于低位回升阶段,30,results/300203_聚光科技_analysis.png
300204,舒泰神,"过去一个月呈上升趋势: 强势上涨56.37%; 放量上涨: 量比1.67, 涨幅6.79%",30,results/300204_舒泰神_analysis.png
300236,上海新阳,RSI值为43.51，处于低位回升阶段; KDJ低位金叉,30,results/300236_上海新阳_analysis.png
300239,东宝生物,"放量上涨: 量比3.55, 涨幅5.22%; 突破20日前高",30,results/300239_东宝生物_analysis.png
300259,新天科技,"放量上涨: 量比2.70, 涨幅2.27%; 突破20日前高",30,results/300259_新天科技_analysis.png
300267,尔康制药,"过去一个月呈上升趋势: 强势上涨20.30%; 放量上涨: 量比1.67, 涨幅2.24%",30,results/300267_尔康制药_analysis.png
300293,蓝英装备,"KDJ低位金叉; 放量上涨: 量比1.88, 涨幅3.37%",30,results/300293_蓝英装备_analysis.png
300294,博雅生物,MACD金叉形成，柱状图为正 (0.028); KDJ金叉,30,results/300294_博雅生物_analysis.png
300318,博晖创新,"RSI值为36.89，处于低位回升阶段; 放量上涨: 量比1.72, 涨幅1.54%",30,results/300318_博晖创新_analysis.png
300331,苏大维格,"放量上涨: 量比3.36, 涨幅4.89%; 突破20日前高",30,results/300331_苏大维格_analysis.png
300357,我武生物,"KDJ低位金叉; 放量上涨: 量比2.70, 涨幅1.91%",30,results/300357_我武生物_analysis.png
300404,博济医药,RSI值为34.21，处于低位回升阶段; KDJ低位金叉,30,results/300404_博济医药_analysis.png
300406,九强生物,RSI值为39.41，处于低位回升阶段; KDJ低位金叉,30,results/300406_九强生物_analysis.png
300417,南华仪器,"过去一个月呈上升趋势: 强势上涨11.18%; 放量上涨: 量比2.06, 涨幅3.24%",30,results/300417_南华仪器_analysis.png
300423,昇辉科技,"RSI值为48.48，处于低位回升阶段; 放量上涨: 量比2.16, 涨幅5.08%",30,results/300423_昇辉科技_analysis.png
300442,润泽科技,RSI值为47.75，处于低位回升阶段; KDJ低位金叉,30,results/300442_润泽科技_analysis.png
300468,四方精创,过去一个月呈上升趋势: 强势上涨10.93%; RSI值为41.02，处于低位回升阶段,30,results/300468_四方精创_analysis.png
300471,厚普股份,"过去一个月呈上升趋势: 强势上涨14.38%; 放量上涨: 量比3.15, 涨幅3.88%",30,results/300471_厚普股份_analysis.png
300472,*ST新元,RSI值为23.98，股票可能超卖; MACD金叉形成，柱状图为正 (0.002),30,results/300472_*ST新元_analysis.png
300485,赛升药业,"放量上涨: 量比3.77, 涨幅8.91%; 突破20日前高",30,results/300485_赛升药业_analysis.png
300491,通合科技,"过去一个月呈上升趋势: 强势上涨13.11%; 放量上涨: 量比2.29, 涨幅8.99%",30,results/300491_通合科技_analysis.png
300498,温氏股份,RSI值为40.60，处于低位回升阶段; KDJ低位金叉,30,results/300498_温氏股份_analysis.png
300500,启迪设计,"过去一个月呈上升趋势: 强势上涨12.97%; 放量上涨: 量比1.89, 涨幅5.28%",30,results/300500_启迪设计_analysis.png
300595,欧普康视,"放量上涨: 量比1.50, 涨幅1.86%; 突破20日前高",30,results/300595_欧普康视_analysis.png
300668,杰恩设计,"放量上涨: 量比2.18, 涨幅2.42%; 突破20日前高",30,results/300668_杰恩设计_analysis.png
300671,富满微,过去一个月呈上升趋势: 强势上涨10.75%; KDJ低位金叉,30,results/300671_富满微_analysis.png
300688,创业黑马,"放量上涨: 量比2.27, 涨幅2.34%; 突破20日前高",30,results/300688_创业黑马_analysis.png
300705,九典制药,RSI值为42.70，处于低位回升阶段; KDJ低位金叉,30,results/300705_九典制药_analysis.png
300710,万隆光电,"过去一个月呈上升趋势: 强势上涨16.09%; 放量上涨: 量比1.56, 涨幅0.53%",30,results/300710_万隆光电_analysis.png
300725,药石科技,"KDJ低位金叉; 放量上涨: 量比2.49, 涨幅3.99%",30,results/300725_药石科技_analysis.png
300759,康龙化成,RSI值为48.78，处于低位回升阶段; KDJ低位金叉,30,results/300759_康龙化成_analysis.png
300761,立华股份,RSI值为40.33，处于低位回升阶段; KDJ低位金叉,30,results/300761_立华股份_analysis.png
300773,拉卡拉,过去一个月呈上升趋势: 强势上涨18.79%; RSI值为36.07，处于低位回升阶段,30,results/300773_拉卡拉_analysis.png
300805,电声股份,过去一个月呈上升趋势: 强势上涨17.79%; 突破20日前高,30,results/300805_电声股份_analysis.png
300824,北鼎股份,过去一个月呈上升趋势: 强势上涨19.57%; RSI值为48.65，处于低位回升阶段,30,results/300824_北鼎股份_analysis.png
300860,锋尚文化,"KDJ低位金叉; 放量上涨: 量比3.56, 涨幅4.11%",30,results/300860_锋尚文化_analysis.png
300879,大叶股份,过去一个月呈上升趋势: 强势上涨213.39%; 突破20日前高,30,results/300879_大叶股份_analysis.png
300886,华业香料,"过去一个月呈上升趋势: 强势上涨24.56%; 放量上涨: 量比1.83, 涨幅4.02%",30,results/300886_华业香料_analysis.png
300910,瑞丰新材,RSI值为35.72，处于低位回升阶段; KDJ低位金叉,30,results/300910_瑞丰新材_analysis.png
300927,江天化学,过去一个月呈上升趋势: 强势上涨46.54%; 突破20日前高,30,results/300927_江天化学_analysis.png
300955,嘉亨家化,"过去一个月呈上升趋势: 强势上涨19.88%; 放量上涨: 量比1.92, 涨幅3.99%",30,results/300955_嘉亨家化_analysis.png
300957,贝泰妮,"放量上涨: 量比1.78, 涨幅4.16%; 突破20日前高",30,results/300957_贝泰妮_analysis.png
300963,中洲特材,过去一个月呈上升趋势: 强势上涨116.49%; 突破20日前高,30,results/300963_中洲特材_analysis.png
300973,立高食品,"过去一个月呈上升趋势: 强势上涨29.59%; 放量上涨: 量比1.51, 涨幅1.62%",30,results/300973_立高食品_analysis.png
300982,苏文电能,"放量上涨: 量比1.90, 涨幅1.89%; 突破20日前高",30,results/300982_苏文电能_analysis.png
300993,玉马科技,"放量上涨: 量比2.34, 涨幅2.22%; 突破20日前高",30,results/300993_玉马科技_analysis.png
301000,肇民科技,过去一个月呈上升趋势: 强势上涨15.93%; RSI值为36.05，处于低位回升阶段,30,results/301000_肇民科技_analysis.png
301017,漱玉平民,"放量上涨: 量比2.78, 涨幅3.53%; 突破20日前高",30,results/301017_漱玉平民_analysis.png
301022,海泰科,过去一个月呈上升趋势: 强势上涨15.21%; 突破20日前高,30,results/301022_海泰科_analysis.png
301025,读客文化,"KDJ低位金叉; 放量上涨: 量比3.01, 涨幅5.11%",30,results/301025_读客文化_analysis.png
301027,华蓝集团,"过去一个月呈上升趋势: 强势上涨21.46%; 放量上涨: 量比1.75, 涨幅1.72%",30,results/301027_华蓝集团_analysis.png
301046,能辉科技,"放量上涨: 量比2.90, 涨幅2.75%; 突破20日前高",30,results/301046_能辉科技_analysis.png
301049,超越科技,"放量上涨: 量比1.70, 涨幅0.68%; 突破20日前高",30,results/301049_超越科技_analysis.png
301052,果麦文化,"KDJ低位金叉; 放量上涨: 量比2.66, 涨幅5.98%",30,results/301052_果麦文化_analysis.png
301055,张小泉,"过去一个月呈上升趋势: 强势上涨21.97%; 放量上涨: 量比1.59, 涨幅1.25%",30,results/301055_张小泉_analysis.png
301058,中粮科工,MA金叉形成; KDJ金叉,30,results/301058_中粮科工_analysis.png
301068,大地海洋,过去一个月呈上升趋势: 强势上涨12.29%; 突破20日前高,30,results/301068_大地海洋_analysis.png
301089,拓新药业,"过去一个月呈上升趋势: 强势上涨29.88%; 放量上涨: 量比1.66, 涨幅0.89%",30,results/301089_拓新药业_analysis.png
301093,华兰股份,RSI值为44.09，处于低位回升阶段; KDJ低位金叉,30,results/301093_华兰股份_analysis.png
301102,兆讯传媒,"放量上涨: 量比4.80, 涨幅4.30%; 突破20日前高",30,results/301102_兆讯传媒_analysis.png
301108,洁雅股份,"过去一个月呈上升趋势: 强势上涨16.97%; 放量上涨: 量比1.83, 涨幅5.78%",30,results/301108_洁雅股份_analysis.png
301112,信邦智能,过去一个月呈上升趋势: 强势上涨34.83%; 突破20日前高,30,results/301112_信邦智能_analysis.png
301162,国能日新,过去一个月呈上升趋势: 强势上涨16.58%; RSI值为44.55，处于低位回升阶段,30,results/301162_国能日新_analysis.png
301177,迪阿股份,"放量上涨: 量比2.83, 涨幅3.02%; 突破20日前高",30,results/301177_迪阿股份_analysis.png
301178,天亿马,过去一个月呈上升趋势: 强势上涨14.74%; 突破20日前高,30,results/301178_天亿马_analysis.png
301188,力诺药包,"过去一个月呈上升趋势: 强势上涨16.50%; 放量上涨: 量比1.65, 涨幅0.09%",30,results/301188_力诺药包_analysis.png
301269,华大九天,RSI值为39.06，处于低位回升阶段; KDJ低位金叉,30,results/301269_华大九天_analysis.png
301270,汉仪股份,"过去一个月呈上升趋势: 强势上涨13.26%; 放量上涨: 量比1.56, 涨幅2.72%",30,results/301270_汉仪股份_analysis.png
301276,嘉曼服饰,"放量上涨: 量比1.57, 涨幅2.13%; 突破20日前高",30,results/301276_嘉曼服饰_analysis.png
301281,科源制药,"放量上涨: 量比3.53, 涨幅5.15%; 突破20日前高",30,results/301281_科源制药_analysis.png
301316,慧博云通,过去一个月呈上升趋势: 强势上涨18.65%; 突破20日前高,30,results/301316_慧博云通_analysis.png
301367,怡和嘉业,过去一个月呈上升趋势: 强势上涨20.78%; 突破20日前高,30,results/301367_怡和嘉业_analysis.png
301392,汇成真空,过去一个月呈上升趋势: 强势上涨28.20%; RSI值为47.08，处于低位回升阶段,30,results/301392_汇成真空_analysis.png
301418,协昌科技,"放量上涨: 量比1.89, 涨幅2.15%; 突破20日前高",30,results/301418_协昌科技_analysis.png
301469,恒达新材,"放量上涨: 量比3.09, 涨幅2.86%; 突破20日前高",30,results/301469_恒达新材_analysis.png
301507,民生健康,"放量上涨: 量比3.12, 涨幅5.38%; 突破20日前高",30,results/301507_民生健康_analysis.png
301580,爱迪特,"放量上涨: 量比2.60, 涨幅2.99%; 突破20日前高",30,results/301580_爱迪特_analysis.png
600023,浙能电力,RSI值为27.78，股票可能超卖; MACD金叉形成，柱状图为正 (0.010),30,results/600023_浙能电力_analysis.png
600032,浙江新能,"RSI值为38.06，处于低位回升阶段; 放量上涨: 量比1.97, 涨幅2.35%",30,results/600032_浙江新能_analysis.png
600051,宁波联合,过去一个月呈上升趋势: 强势上涨10.29%; RSI值为37.69，处于低位回升阶段,30,results/600051_宁波联合_analysis.png
600116,三峡水利,"KDJ低位金叉; 放量上涨: 量比2.23, 涨幅3.05%",30,results/600116_三峡水利_analysis.png
600137,浪莎股份,过去一个月呈上升趋势: 强势上涨36.54%; 突破20日前高,30,results/600137_浪莎股份_analysis.png
600162,香江控股,RSI值为36.84，处于低位回升阶段; KDJ低位金叉,30,results/600162_香江控股_analysis.png
600163,中闽能源,RSI值为45.87，处于低位回升阶段; KDJ低位金叉,30,results/600163_中闽能源_analysis.png
600172,黄河旋风,"放量上涨: 量比2.21, 涨幅2.20%; 突破20日前高",30,results/600172_黄河旋风_analysis.png
600195,中牧股份,"放量上涨: 量比1.95, 涨幅1.98%; 突破20日前高",30,results/600195_中牧股份_analysis.png
600201,生物股份,"放量上涨: 量比1.97, 涨幅2.09%; 突破20日前高",30,results/600201_生物股份_analysis.png
600207,安彩高科,过去一个月呈上升趋势: 强势上涨20.05%; 突破20日前高,30,results/600207_安彩高科_analysis.png
600233,圆通速递,"RSI值为35.45，处于低位回升阶段; 放量上涨: 量比1.54, 涨幅0.31%",30,results/600233_圆通速递_analysis.png
600241,时代万恒,过去一个月呈上升趋势: 强势上涨10.81%; 突破20日前高,30,results/600241_时代万恒_analysis.png
600249,两面针,"过去一个月呈上升趋势: 强势上涨15.43%; 放量上涨: 量比1.51, 涨幅1.64%",30,results/600249_两面针_analysis.png
600267,海正药业,"放量上涨: 量比1.70, 涨幅3.42%; 突破20日前高",30,results/600267_海正药业_analysis.png
600303,曙光股份,过去一个月呈上升趋势: 强势上涨26.13%; RSI值为46.28，处于低位回升阶段,30,results/600303_曙光股份_analysis.png
600315,上海家化,过去一个月呈上升趋势: 强势上涨27.58%; 突破20日前高,30,results/600315_上海家化_analysis.png
600319,亚星化学,过去一个月呈上升趋势: 强势上涨11.07%; 突破20日前高,30,results/600319_亚星化学_analysis.png
600329,达仁堂,"放量上涨: 量比1.62, 涨幅2.87%; 突破20日前高",30,results/600329_达仁堂_analysis.png
600337,美克家居,过去一个月呈上升趋势: 强势上涨27.93%; 突破20日前高,30,results/600337_美克家居_analysis.png
600356,恒丰纸业,"放量上涨: 量比2.43, 涨幅3.14%; 突破20日前高",30,results/600356_恒丰纸业_analysis.png
600358,ST联合,过去一个月呈上升趋势: 强势上涨15.37%; 突破20日前高,30,results/600358_ST联合_analysis.png
600373,中文传媒,RSI值为45.11，处于低位回升阶段; KDJ低位金叉,30,results/600373_中文传媒_analysis.png
600405,动力源,"放量上涨: 量比2.01, 涨幅1.43%; 突破20日前高",30,results/600405_动力源_analysis.png
600415,小商品城,过去一个月呈上升趋势: 强势上涨16.67%; 突破20日前高,30,results/600415_小商品城_analysis.png
600422,昆药集团,RSI值为34.80，处于低位回升阶段; KDJ低位金叉,30,results/600422_昆药集团_analysis.png
600461,洪城环境,RSI值为36.04，处于低位回升阶段; KDJ低位金叉,30,results/600461_洪城环境_analysis.png
600489,中金黄金,RSI值为40.91，处于低位回升阶段; KDJ低位金叉,30,results/600489_中金黄金_analysis.png
600490,鹏欣资源,过去一个月呈上升趋势: 强势上涨18.06%; RSI值为32.04，处于低位回升阶段,30,results/600490_鹏欣资源_analysis.png
600503,华丽家族,过去一个月呈上升趋势: 强势上涨10.76%; KDJ低位金叉,30,results/600503_华丽家族_analysis.png
600507,方大特钢,RSI值为31.11，处于低位回升阶段; KDJ低位金叉,30,results/600507_方大特钢_analysis.png
600518,康美药业,"KDJ低位金叉; 放量上涨: 量比1.76, 涨幅1.52%",30,results/600518_康美药业_analysis.png
600529,山东药玻,RSI值为33.05，处于低位回升阶段; KDJ低位金叉,30,results/600529_山东药玻_analysis.png
600530,交大昂立,"过去一个月呈上升趋势: 强势上涨65.78%; 放量上涨: 量比1.61, 涨幅2.78%",30,results/600530_交大昂立_analysis.png
600550,保变电气,"放量上涨: 量比3.18, 涨幅10.06%; 突破20日前高",30,results/600550_保变电气_analysis.png
600557,康缘药业,"KDJ低位金叉; 放量上涨: 量比1.52, 涨幅1.33%",30,results/600557_康缘药业_analysis.png
600561,江西长运,过去一个月呈上升趋势: 强势上涨10.35%; 突破20日前高,30,results/600561_江西长运_analysis.png
600576,祥源文旅,过去一个月呈上升趋势: 强势上涨16.45%; 突破20日前高,30,results/600576_祥源文旅_analysis.png
600578,京能电力,过去一个月呈上升趋势: 强势上涨22.07%; 突破20日前高,30,results/600578_京能电力_analysis.png
600579,中化装备,"放量上涨: 量比2.01, 涨幅2.47%; 突破20日前高",30,results/600579_中化装备_analysis.png
600604,市北高新,RSI值为38.53，处于低位回升阶段; KDJ低位金叉,30,results/600604_市北高新_analysis.png
600608,*ST沪科,"放量上涨: 量比1.74, 涨幅0.28%; 突破20日前高",30,results/600608_*ST沪科_analysis.png
600610,中毅达,过去一个月呈上升趋势: 强势上涨78.54%; 突破20日前高,30,results/600610_中毅达_analysis.png
600639,浦东金桥,RSI值为29.08，股票可能超卖; MACD金叉形成，柱状图为正 (0.010),30,results/600639_浦东金桥_analysis.png
600641,万业企业,RSI值为42.70，处于低位回升阶段; KDJ低位金叉,30,results/600641_万业企业_analysis.png
600653,申华控股,MA金叉形成; KDJ金叉,30,results/600653_申华控股_analysis.png
600661,昂立教育,"KDJ低位金叉; 放量上涨: 量比1.53, 涨幅2.87%",30,results/600661_昂立教育_analysis.png
600671,ST目药,过去一个月呈上升趋势: 强势上涨18.29%; RSI值为34.89，处于低位回升阶段,30,results/600671_ST目药_analysis.png
600678,四川金顶,"过去一个月呈上升趋势: 强势上涨14.33%; 放量上涨: 量比1.84, 涨幅2.65%",30,results/600678_四川金顶_analysis.png
600694,大商股份,RSI值为37.65，处于低位回升阶段; KDJ低位金叉,30,results/600694_大商股份_analysis.png
600698,湖南天雁,过去一个月呈上升趋势: 强势上涨33.39%; 突破20日前高,30,results/600698_湖南天雁_analysis.png
600711,ST盛屯,RSI值为40.59，处于低位回升阶段; KDJ低位金叉,30,results/600711_ST盛屯_analysis.png
600724,宁波富达,"放量上涨: 量比1.99, 涨幅3.44%; 突破20日前高",30,results/600724_宁波富达_analysis.png
600729,重庆百货,"RSI值为40.76，处于低位回升阶段; 放量上涨: 量比1.67, 涨幅1.79%",30,results/600729_重庆百货_analysis.png
600754,锦江酒店,RSI值为23.33，股票可能超卖; MACD金叉形成，柱状图为正 (0.028),30,results/600754_锦江酒店_analysis.png
600770,综艺股份,过去一个月呈上升趋势: 强势上涨47.17%; 突破20日前高,30,results/600770_综艺股份_analysis.png
600773,西藏城投,RSI值为50.00，处于低位回升阶段; KDJ低位金叉,30,results/600773_西藏城投_analysis.png
600777,ST新潮,"过去一个月呈上升趋势: 强势上涨46.58%; 放量上涨: 量比1.54, 涨幅1.26%",30,results/600777_ST新潮_analysis.png
600782,新钢股份,RSI值为42.11，处于低位回升阶段; KDJ低位金叉,30,results/600782_新钢股份_analysis.png
600791,京能置业,"过去一个月呈上升趋势: 强势上涨11.11%; 放量上涨: 量比1.73, 涨幅1.77%",30,results/600791_京能置业_analysis.png
600794,保税科技,过去一个月呈上升趋势: 强势上涨25.14%; RSI值为34.04，处于低位回升阶段,30,results/600794_保税科技_analysis.png
600795,国电电力,"放量上涨: 量比1.83, 涨幅2.61%; 突破20日前高",30,results/600795_国电电力_analysis.png
600803,新奥股份,RSI值为37.76，处于低位回升阶段; KDJ低位金叉,30,results/600803_新奥股份_analysis.png
600819,耀皮玻璃,"放量上涨: 量比1.69, 涨幅2.02%; 突破20日前高",30,results/600819_耀皮玻璃_analysis.png
600821,金开新能,RSI值为40.58，处于低位回升阶段; KDJ低位金叉,30,results/600821_金开新能_analysis.png
600828,茂业商业,过去一个月呈上升趋势: 强势上涨33.65%; RSI值为47.55，处于低位回升阶段,30,results/600828_茂业商业_analysis.png
600833,第一医药,"放量上涨: 量比3.69, 涨幅3.74%; 突破20日前高",30,results/600833_第一医药_analysis.png
600861,北京人力,RSI值为35.37，处于低位回升阶段; KDJ低位金叉,30,results/600861_北京人力_analysis.png
600886,国投电力,"放量上涨: 量比1.87, 涨幅2.71%; 突破20日前高",30,results/600886_国投电力_analysis.png
600956,新天绿能,过去一个月呈上升趋势: 强势上涨11.02%; 突破20日前高,30,results/600956_新天绿能_analysis.png
600989,宝丰能源,过去一个月呈上升趋势: 强势上涨11.48%; 突破20日前高,30,results/600989_宝丰能源_analysis.png
600995,南网储能,"RSI值为43.16，处于低位回升阶段; 放量上涨: 量比1.55, 涨幅1.54%",30,results/600995_南网储能_analysis.png
601003,柳钢股份,过去一个月呈上升趋势: 强势上涨14.56%; 突破20日前高,30,results/601003_柳钢股份_analysis.png
601033,永兴股份,"放量上涨: 量比2.16, 涨幅1.86%; 突破20日前高",30,results/601033_永兴股份_analysis.png
601077,渝农商行,过去一个月呈上升趋势: 强势上涨21.43%; 突破20日前高,30,results/601077_渝农商行_analysis.png
601107,四川成渝,过去一个月呈上升趋势: 强势上涨10.79%; 突破20日前高,30,results/601107_四川成渝_analysis.png
601226,华电科工,MA金叉形成; KDJ金叉,30,results/601226_华电科工_analysis.png
601616,广电电气,RSI值为38.94，处于低位回升阶段; KDJ低位金叉,30,results/601616_广电电气_analysis.png
601717,郑煤机,"放量上涨: 量比1.76, 涨幅1.67%; 突破20日前高",30,results/601717_郑煤机_analysis.png
601798,蓝科高新,"过去一个月呈上升趋势: 强势上涨20.65%; 放量上涨: 量比2.46, 涨幅1.42%",30,results/601798_蓝科高新_analysis.png
601828,美凯龙,RSI值为36.96，处于低位回升阶段; KDJ低位金叉,30,results/601828_美凯龙_analysis.png
601921,浙版传媒,"放量上涨: 量比1.89, 涨幅0.86%; 突破20日前高",30,results/601921_浙版传媒_analysis.png
601956,东贝集团,过去一个月呈上升趋势: 强势上涨22.06%; RSI值为46.15，处于低位回升阶段,30,results/601956_东贝集团_analysis.png
603008,喜临门,"放量上涨: 量比1.72, 涨幅2.50%; 突破20日前高",30,results/603008_喜临门_analysis.png
603017,中衡设计,"放量上涨: 量比3.13, 涨幅2.87%; 突破20日前高",30,results/603017_中衡设计_analysis.png
603059,倍加洁,"放量上涨: 量比1.79, 涨幅2.93%; 突破20日前高",30,results/603059_倍加洁_analysis.png
603067,振华股份,过去一个月呈上升趋势: 强势上涨26.99%; RSI值为42.93，处于低位回升阶段,30,results/603067_振华股份_analysis.png
603079,圣达生物,过去一个月呈上升趋势: 强势上涨10.43%; KDJ低位金叉,30,results/603079_圣达生物_analysis.png
603103,横店影视,"RSI值为32.65，处于低位回升阶段; 放量上涨: 量比1.53, 涨幅1.49%",30,results/603103_横店影视_analysis.png
603127,昭衍新药,"KDJ低位金叉; 放量上涨: 量比2.02, 涨幅3.00%",30,results/603127_昭衍新药_analysis.png
603128,华贸物流,过去一个月呈上升趋势: 强势上涨11.97%; RSI值为50.00，处于低位回升阶段,30,results/603128_华贸物流_analysis.png
603151,邦基科技,过去一个月呈上升趋势: 强势上涨19.72%; 突破20日前高,30,results/603151_邦基科技_analysis.png
603196,日播时尚,"放量上涨: 量比2.54, 涨幅4.58%; 突破20日前高",30,results/603196_日播时尚_analysis.png
603214,爱婴室,"RSI值为45.94，处于低位回升阶段; 放量上涨: 量比2.37, 涨幅4.14%",30,results/603214_爱婴室_analysis.png
603216,梦天家居,过去一个月呈上升趋势: 强势上涨12.54%; 突破20日前高,30,results/603216_梦天家居_analysis.png
603256,宏和科技,"过去一个月呈上升趋势: 强势上涨13.19%; 放量上涨: 量比1.66, 涨幅1.66%",30,results/603256_宏和科技_analysis.png
603273,天元智能,RSI值为31.76，处于低位回升阶段; KDJ低位金叉,30,results/603273_天元智能_analysis.png
603299,苏盐井神,RSI值为17.58，股票可能超卖; MACD金叉形成，柱状图为正 (0.008),30,results/603299_苏盐井神_analysis.png
603316,诚邦股份,过去一个月呈上升趋势: 强势上涨22.46%; 突破20日前高,30,results/603316_诚邦股份_analysis.png
603317,天味食品,"RSI值为37.26，处于低位回升阶段; 放量上涨: 量比2.62, 涨幅3.15%",30,results/603317_天味食品_analysis.png
603387,基蛋生物,"放量上涨: 量比2.68, 涨幅2.10%; 突破20日前高",30,results/603387_基蛋生物_analysis.png
603393,新天然气,"放量上涨: 量比1.60, 涨幅2.26%; 突破20日前高",30,results/603393_新天然气_analysis.png
603499,翔港科技,RSI值为41.51，处于低位回升阶段; KDJ低位金叉,30,results/603499_翔港科技_analysis.png
603508,思维列控,过去一个月呈上升趋势: 强势上涨11.30%; RSI值为38.46，处于低位回升阶段,30,results/603508_思维列控_analysis.png
603538,美诺华,"放量上涨: 量比1.52, 涨幅2.33%; 突破20日前高",30,results/603538_美诺华_analysis.png
603590,康辰药业,"过去一个月呈上升趋势: 强势上涨10.29%; 放量上涨: 量比1.57, 涨幅1.69%",30,results/603590_康辰药业_analysis.png
603630,拉芳家化,过去一个月呈上升趋势: 强势上涨54.20%; 突破20日前高,30,results/603630_拉芳家化_analysis.png
603639,海利尔,过去一个月呈上升趋势: 强势上涨11.81%; 突破20日前高,30,results/603639_海利尔_analysis.png
603665,康隆达,过去一个月呈上升趋势: 强势上涨40.46%; 突破20日前高,30,results/603665_康隆达_analysis.png
603685,晨丰科技,"放量上涨: 量比1.99, 涨幅1.32%; 突破20日前高",30,results/603685_晨丰科技_analysis.png
603688,石英股份,过去一个月呈上升趋势: 强势上涨10.15%; RSI值为33.61，处于低位回升阶段,30,results/603688_石英股份_analysis.png
603696,安记食品,过去一个月呈上升趋势: 强势上涨58.98%; RSI值为43.12，处于低位回升阶段,30,results/603696_安记食品_analysis.png
603697,有友食品,过去一个月呈上升趋势: 强势上涨31.75%; RSI值为47.69，处于低位回升阶段,30,results/603697_有友食品_analysis.png
603698,航天工程,"放量上涨: 量比1.53, 涨幅1.32%; 突破20日前高",30,results/603698_航天工程_analysis.png
603709,中源家居,过去一个月呈上升趋势: 强势上涨21.63%; 突破20日前高,30,results/603709_中源家居_analysis.png
603711,香飘飘,"RSI值为40.82，处于低位回升阶段; 放量上涨: 量比1.58, 涨幅1.50%",30,results/603711_香飘飘_analysis.png
603757,大元泵业,过去一个月呈上升趋势: 强势上涨11.97%; 突破20日前高,30,results/603757_大元泵业_analysis.png
603759,海天股份,RSI值为40.82，处于低位回升阶段; KDJ低位金叉,30,results/603759_海天股份_analysis.png
603801,志邦家居,RSI值为31.51，处于低位回升阶段; KDJ低位金叉,30,results/603801_志邦家居_analysis.png
603810,丰山集团,过去一个月呈上升趋势: 强势上涨23.06%; 突破20日前高,30,results/603810_丰山集团_analysis.png
603822,嘉澳环保,RSI值为38.53，处于低位回升阶段; KDJ低位金叉,30,results/603822_嘉澳环保_analysis.png
603895,天永智能,"KDJ低位金叉; 放量上涨: 量比2.01, 涨幅3.31%",30,results/603895_天永智能_analysis.png
603900,莱绅通灵,过去一个月呈上升趋势: 强势上涨33.89%; 突破20日前高,30,results/603900_莱绅通灵_analysis.png
603919,金徽酒,RSI值为42.86，处于低位回升阶段; KDJ低位金叉,30,results/603919_金徽酒_analysis.png
603926,铁流股份,过去一个月呈上升趋势: 强势上涨37.49%; 突破20日前高,30,results/603926_铁流股份_analysis.png
603988,中电电机,MACD金叉形成，柱状图为正 (0.016); KDJ金叉,30,results/603988_中电电机_analysis.png
603998,方盛制药,"RSI值为50.00，处于低位回升阶段; 放量上涨: 量比1.92, 涨幅2.36%",30,results/603998_方盛制药_analysis.png
605028,世茂能源,"KDJ低位金叉; 放量上涨: 量比1.74, 涨幅2.54%",30,results/605028_世茂能源_analysis.png
605055,迎丰股份,过去一个月呈上升趋势: 强势上涨96.53%; 突破20日前高,30,results/605055_迎丰股份_analysis.png
605069,正和生态,"过去一个月呈上升趋势: 强势上涨23.45%; 放量上涨: 量比1.79, 涨幅5.80%",30,results/605069_正和生态_analysis.png
605099,共创草坪,过去一个月呈上升趋势: 强势上涨18.41%; 突破20日前高,30,results/605099_共创草坪_analysis.png
605136,丽人丽妆,过去一个月呈上升趋势: 强势上涨58.47%; 突破20日前高,30,results/605136_丽人丽妆_analysis.png
605319,无锡振华,过去一个月呈上升趋势: 强势上涨18.76%; 突破20日前高,30,results/605319_无锡振华_analysis.png
605369,拱东医疗,过去一个月呈上升趋势: 强势上涨10.14%; 突破20日前高,30,results/605369_拱东医疗_analysis.png
605377,华旺科技,RSI值为19.50，股票可能超卖; MACD金叉形成，柱状图为正 (0.008),30,results/605377_华旺科技_analysis.png
605507,国邦医药,"放量上涨: 量比1.75, 涨幅2.36%; 突破20日前高",30,results/605507_国邦医药_analysis.png
605566,福莱蒽特,"过去一个月呈上升趋势: 强势上涨10.21%; 放量上涨: 量比1.85, 涨幅1.49%",30,results/605566_福莱蒽特_analysis.png
688016,心脉医疗,"放量上涨: 量比1.71, 涨幅2.04%; 突破20日前高",30,results/688016_心脉医疗_analysis.png
688029,南微医学,"放量上涨: 量比1.99, 涨幅4.24%; 突破20日前高",30,results/688029_南微医学_analysis.png
688033,天宜上佳,过去一个月呈上升趋势: 强势上涨17.72%; 突破20日前高,30,results/688033_天宜上佳_analysis.png
688041,海光信息,RSI值为33.96，处于低位回升阶段; KDJ低位金叉,30,results/688041_海光信息_analysis.png
688052,纳芯微,过去一个月呈上升趋势: 强势上涨14.95%; RSI值为42.30，处于低位回升阶段,30,results/688052_纳芯微_analysis.png
688056,莱伯泰科,RSI值为37.08，处于低位回升阶段; KDJ低位金叉,30,results/688056_莱伯泰科_analysis.png
688067,爱威科技,过去一个月呈上升趋势: 强势上涨11.61%; 突破20日前高,30,results/688067_爱威科技_analysis.png
688098,申联生物,"放量上涨: 量比2.21, 涨幅4.09%; 突破20日前高",30,results/688098_申联生物_analysis.png
688106,金宏气体,"放量上涨: 量比2.40, 涨幅2.08%; 突破20日前高",30,results/688106_金宏气体_analysis.png
688113,联测科技,过去一个月呈上升趋势: 强势上涨17.79%; 突破20日前高,30,results/688113_联测科技_analysis.png
688117,圣诺生物,过去一个月呈上升趋势: 强势上涨22.91%; 突破20日前高,30,results/688117_圣诺生物_analysis.png
688136,科兴制药,"过去一个月呈上升趋势: 强势上涨53.94%; 放量上涨: 量比2.28, 涨幅15.56%",30,results/688136_科兴制药_analysis.png
688137,近岸蛋白,"放量上涨: 量比6.42, 涨幅4.18%; 突破20日前高",30,results/688137_近岸蛋白_analysis.png
688156,路德环境,过去一个月呈上升趋势: 强势上涨20.85%; RSI值为35.53，处于低位回升阶段,30,results/688156_路德环境_analysis.png
688161,威高骨科,RSI值为46.81，处于低位回升阶段; KDJ低位金叉,30,results/688161_威高骨科_analysis.png
688168,安博通,"KDJ低位金叉; 放量上涨: 量比1.81, 涨幅4.89%",30,results/688168_安博通_analysis.png
688177,百奥泰,"放量上涨: 量比1.82, 涨幅3.57%; 突破20日前高",30,results/688177_百奥泰_analysis.png
688178,万德斯,"过去一个月呈上升趋势: 强势上涨17.73%; 放量上涨: 量比1.57, 涨幅2.40%",30,results/688178_万德斯_analysis.png
688182,灿勤科技,过去一个月呈上升趋势: 强势上涨10.99%; 突破20日前高,30,results/688182_灿勤科技_analysis.png
688184,ST帕瓦,RSI值为29.07，股票可能超卖; MACD金叉形成，柱状图为正 (0.003),30,results/688184_ST帕瓦_analysis.png
688191,智洋创新,过去一个月呈上升趋势: 强势上涨19.89%; RSI值为44.99，处于低位回升阶段,30,results/688191_智洋创新_analysis.png
688200,华峰测控,RSI值为36.23，处于低位回升阶段; KDJ低位金叉,30,results/688200_华峰测控_analysis.png
688209,英集芯,RSI值为36.75，处于低位回升阶段; KDJ低位金叉,30,results/688209_英集芯_analysis.png
688213,思特威,RSI值为42.22，处于低位回升阶段; KDJ低位金叉,30,results/688213_思特威_analysis.png
688220,翱捷科技,RSI值为46.46，处于低位回升阶段; KDJ低位金叉,30,results/688220_翱捷科技_analysis.png
688225,亚信安全,RSI值为37.57，处于低位回升阶段; KDJ低位金叉,30,results/688225_亚信安全_analysis.png
688319,欧林生物,"RSI值为42.64，处于低位回升阶段; 放量上涨: 量比1.57, 涨幅1.33%",30,results/688319_欧林生物_analysis.png
688323,瑞华泰,RSI值为48.43，处于低位回升阶段; KDJ低位金叉,30,results/688323_瑞华泰_analysis.png
688330,宏力达,RSI值为42.43，处于低位回升阶段; KDJ低位金叉,30,results/688330_宏力达_analysis.png
688337,普源精电,过去一个月呈上升趋势: 强势上涨11.68%; RSI值为41.98，处于低位回升阶段,30,results/688337_普源精电_analysis.png
688361,中科飞测,RSI值为43.84，处于低位回升阶段; KDJ低位金叉,30,results/688361_中科飞测_analysis.png
688366,昊海生科,"KDJ低位金叉; 放量上涨: 量比1.74, 涨幅3.18%",30,results/688366_昊海生科_analysis.png
688382,益方生物,"过去一个月呈上升趋势: 强势上涨19.69%; 放量上涨: 量比2.90, 涨幅15.62%",30,results/688382_益方生物_analysis.png
688383,新益昌,过去一个月呈上升趋势: 强势上涨18.71%; 突破20日前高,30,results/688383_新益昌_analysis.png
688386,泛亚微透,过去一个月呈上升趋势: 强势上涨25.65%; RSI值为31.32，处于低位回升阶段,30,results/688386_泛亚微透_analysis.png
688401,路维光电,RSI值为31.92，处于低位回升阶段; KDJ低位金叉,30,results/688401_路维光电_analysis.png
688418,震有科技,"RSI值为47.40，处于低位回升阶段; 放量上涨: 量比1.79, 涨幅2.02%",30,results/688418_震有科技_analysis.png
688443,智翔金泰,"KDJ低位金叉; 放量上涨: 量比2.19, 涨幅4.72%",30,results/688443_智翔金泰_analysis.png
688466,金科环境,"放量上涨: 量比1.54, 涨幅2.00%; 突破20日前高",30,results/688466_金科环境_analysis.png
688500,慧辰股份,"过去一个月呈上升趋势: 强势上涨17.91%; 放量上涨: 量比1.58, 涨幅0.15%",30,results/688500_慧辰股份_analysis.png
688502,茂莱光学,RSI值为37.54，处于低位回升阶段; KDJ低位金叉,30,results/688502_茂莱光学_analysis.png
688515,裕太微,RSI值为39.99，处于低位回升阶段; KDJ低位金叉,30,results/688515_裕太微_analysis.png
688519,南亚新材,过去一个月呈上升趋势: 强势上涨11.43%; KDJ低位金叉,30,results/688519_南亚新材_analysis.png
688521,芯原股份,RSI值为44.28，处于低位回升阶段; KDJ低位金叉,30,results/688521_芯原股份_analysis.png
688570,天玛智控,"放量上涨: 量比5.27, 涨幅7.03%; 突破20日前高",30,results/688570_天玛智控_analysis.png
688576,西山科技,RSI值为33.13，处于低位回升阶段; KDJ低位金叉,30,results/688576_西山科技_analysis.png
688613,奥精医疗,"放量上涨: 量比2.41, 涨幅3.95%; 突破20日前高",30,results/688613_奥精医疗_analysis.png
688646,ST逸飞,RSI值为21.92，股票可能超卖; MACD金叉形成，柱状图为正 (0.145),30,results/688646_ST逸飞_analysis.png
688648,中邮科技,过去一个月呈上升趋势: 强势上涨79.13%; 突破20日前高,30,results/688648_中邮科技_analysis.png
688655,迅捷兴,过去一个月呈上升趋势: 强势上涨49.38%; 突破20日前高,30,results/688655_迅捷兴_analysis.png
688665,四方光电,过去一个月呈上升趋势: 强势上涨26.64%; 突破20日前高,30,results/688665_四方光电_analysis.png
688670,金迪克,"放量上涨: 量比1.55, 涨幅2.33%; 突破20日前高",30,results/688670_金迪克_analysis.png
688683,莱尔科技,过去一个月呈上升趋势: 强势上涨11.03%; RSI值为45.65，处于低位回升阶段,30,results/688683_莱尔科技_analysis.png
688685,迈信林,过去一个月呈上升趋势: 强势上涨18.20%; RSI值为41.68，处于低位回升阶段,30,results/688685_迈信林_analysis.png
688696,极米科技,RSI值为30.45，处于低位回升阶段; KDJ低位金叉,30,results/688696_极米科技_analysis.png
688719,爱科赛博,过去一个月呈上升趋势: 强势上涨13.18%; 突破20日前高,30,results/688719_爱科赛博_analysis.png
688768,容知日新,RSI值为36.31，处于低位回升阶段; KDJ低位金叉,30,results/688768_容知日新_analysis.png
430047,诺思兰德,"过去一个月呈上升趋势: 强势上涨18.92%; 放量上涨: 量比1.59, 涨幅5.14%",30,results/430047_诺思兰德_analysis.png
430718,合肥高科,"过去一个月呈上升趋势: 强势上涨11.64%; 放量上涨: 量比1.60, 涨幅3.30%",30,results/430718_合肥高科_analysis.png
830974,凯大催化,"过去一个月呈上升趋势: 强势上涨16.67%; 放量上涨: 量比1.86, 涨幅5.71%",30,results/830974_凯大催化_analysis.png
831370,新安洁,过去一个月呈上升趋势: 强势上涨11.54%; 突破20日前高,30,results/831370_新安洁_analysis.png
831855,浙江大农,过去一个月呈上升趋势: 强势上涨20.02%; 突破20日前高,30,results/831855_浙江大农_analysis.png
832978,开特股份,过去一个月呈上升趋势: 强势上涨19.23%; KDJ低位金叉,30,results/832978_开特股份_analysis.png
833346,威贸电子,"过去一个月呈上升趋势: 强势上涨17.85%; 放量上涨: 量比1.77, 涨幅2.03%",30,results/833346_威贸电子_analysis.png
833580,科创新材,过去一个月呈上升趋势: 强势上涨20.16%; 突破20日前高,30,results/833580_科创新材_analysis.png
834014,特瑞斯,"过去一个月呈上升趋势: 强势上涨14.75%; 放量上涨: 量比1.54, 涨幅2.03%",30,results/834014_特瑞斯_analysis.png
834950,DR迅安科,"过去一个月呈上升趋势: 强势上涨15.91%; 放量上涨: 量比1.75, 涨幅0.86%",30,results/834950_DR迅安科_analysis.png
835857,百甲科技,"过去一个月呈上升趋势: 强势上涨10.85%; 放量上涨: 量比1.73, 涨幅3.47%",30,results/835857_百甲科技_analysis.png
836675,秉扬科技,过去一个月呈上升趋势: 强势上涨23.50%; 突破20日前高,30,results/836675_秉扬科技_analysis.png
836720,吉冈精密,"过去一个月呈上升趋势: 强势上涨21.60%; 放量上涨: 量比2.19, 涨幅5.77%",30,results/836720_吉冈精密_analysis.png
836826,盖世食品,"过去一个月呈上升趋势: 强势上涨26.80%; 放量上涨: 量比1.53, 涨幅1.63%",30,results/836826_盖世食品_analysis.png
836892,广咨国际,过去一个月呈上升趋势: 强势上涨41.79%; RSI值为31.75，处于低位回升阶段,30,results/836892_广咨国际_analysis.png
837344,三元基因,"放量上涨: 量比3.67, 涨幅12.08%; 突破20日前高",30,results/837344_三元基因_analysis.png
837403,康农种业,过去一个月呈上升趋势: 强势上涨19.33%; KDJ低位金叉,30,results/837403_康农种业_analysis.png
838030,德众汽车,过去一个月呈上升趋势: 强势上涨10.80%; 突破20日前高,30,results/838030_德众汽车_analysis.png
839371,欧福蛋业,"过去一个月呈上升趋势: 强势上涨37.03%; 放量上涨: 量比1.81, 涨幅2.11%",30,results/839371_欧福蛋业_analysis.png
839725,惠丰钻石,"放量上涨: 量比3.50, 涨幅8.49%; 突破20日前高",30,results/839725_惠丰钻石_analysis.png
870199,倍益康,"KDJ低位金叉; 放量上涨: 量比1.74, 涨幅5.33%",30,results/870199_倍益康_analysis.png
870299,灿能电力,过去一个月呈上升趋势: 强势上涨40.16%; 突破20日前高,30,results/870299_灿能电力_analysis.png
870508,丰安股份,过去一个月呈上升趋势: 强势上涨23.76%; 突破20日前高,30,results/870508_丰安股份_analysis.png
870866,绿亨科技,"过去一个月呈上升趋势: 强势上涨27.99%; 放量上涨: 量比1.68, 涨幅2.74%",30,results/870866_绿亨科技_analysis.png
872190,雷神科技,"过去一个月呈上升趋势: 强势上涨13.82%; 放量上涨: 量比1.93, 涨幅4.48%",30,results/872190_雷神科技_analysis.png
920002,万达轴承,过去一个月呈上升趋势: 强势上涨24.42%; RSI值为31.90，处于低位回升阶段,30,results/920002_万达轴承_analysis.png
920066,科拜尔,"过去一个月呈上升趋势: 强势上涨13.18%; 放量上涨: 量比1.60, 涨幅3.40%",30,results/920066_科拜尔_analysis.png
920088,科力股份,"放量上涨: 量比2.34, 涨幅5.10%; 突破20日前高",30,results/920088_科力股份_analysis.png
920108,宏海科技,"过去一个月呈上升趋势: 强势上涨12.30%; 放量上涨: 量比1.89, 涨幅4.58%",30,results/920108_宏海科技_analysis.png
